,Unnamed: 0,Team,Player,Average Scored Points,Average Projected Points,Position,Length of Ownership,Residual,Weight of Ownership,Weighted Residual
0,0,RightInThe McManus,Dalvin Cook,11.511764705882351,15.193529411764704,RB,17,-3.681764705882353,1.0,-3.681764705882353
1,1,RightInThe McManus,Travis Kelce,21.74705882352941,17.282941176470587,TE,17,4.464117647058828,1.0,4.464117647058828
2,2,RightInThe McManus,Terry McLaurin,11.676470588235292,12.29,WR,17,-0.6135294117647074,1.0,-0.6135294117647074
3,3,RightInThe McManus,Brandin Cooks,7.270588235294118,9.371176470588235,WR,17,-2.1005882352941176,1.0,-2.1005882352941176
4,4,RightInThe McManus,Devin Singletary,10.46470588235294,10.323529411764708,RB,17,0.141176470588233,1.0,0.141176470588233
5,5,RightInThe McManus,Amari Cooper,14.03529411764706,11.345882352941176,WR,17,2.6894117647058824,1.0,2.6894117647058824
6,6,RightInThe McManus,Russell Wilson,7.836923076923076,11.918461538461536,QB,13,-4.081538461538459,0.7647058823529411,-3.1211764705882334
7,7,RightInThe McManus,Rashaad Penny,7.720000000000001,11.586,RB,5,-3.866,0.29411764705882354,-1.137058823529412
8,8,RightInThe McManus,Ravens D/ST,9.705882352941176,5.467647058823529,D/ST,17,4.238235294117647,1.0,4.238235294117647
9,9,RightInThe McManus,Matthew Stafford,9.248,17.208000000000002,QB,5,-7.960000000000003,0.29411764705882354,-2.3411764705882363
10,10,RightInThe McManus,Skyy Moore,1.0,3.43,WR,4,-2.43,0.23529411764705882,-0.571764705882353
11,11,RightInThe McManus,Brandon McManus,6.0588235294117645,6.84,K,17,-0.7811764705882354,1.0,-0.7811764705882354
12,12,RightInThe McManus,Treylon Burks,5.582352941176471,4.691176470588236,WR,17,0.8911764705882357,1.0,0.8911764705882357
13,13,RightInThe McManus,Khalil Herbert,7.34705882352941,4.694705882352942,RB,17,2.652352941176469,1.0,2.652352941176469
14,14,RightInThe McManus,Tua Tagovailoa,11.767058823529412,14.408235294117649,QB,17,-2.641176470588237,1.0,-2.641176470588237
15,15,RightInThe McManus,Isiah Pacheco,6.514285714285713,6.161428571428571,RB,7,0.3528571428571423,0.4117647058823529,0.1452941176470586
16,16,RightInThe McManus,Irv Smith Jr.,10.7,7.73,TE,1,2.969999999999999,0.058823529411764705,0.1747058823529411
17,17,RightInThe McManus,Tyler Allgeier,9.022222222222222,7.403333333333332,RB,9,1.6188888888888897,0.5294117647058824,0.8570588235294122
18,18,RightInThe McManus,Mack Hollins,6.1,9.99,WR,4,-3.890000000000001,0.23529411764705882,-0.915294117647059
19,19,RightInThe McManus,Daniel Jones,18.01,13.645,QB,12,4.365,0.7058823529411765,3.0811764705882356
20,20,RightInThe McManus,Devin Duvernay,2.716666666666667,7.55,WR,12,-4.833333333333333,0.7058823529411765,-3.411764705882353
21,21,RightInThe McManus,Panthers D/ST,-0.5,4.355,D/ST,4,-4.855,0.23529411764705882,-1.1423529411764706
22,22,RightInThe McManus,Joey Slye,5.333333333333333,5.033333333333334,K,9,0.2999999999999989,0.5294117647058824,0.1588235294117641
23,23,RightInThe McManus,Saints D/ST,4.25,3.72,D/ST,8,0.5300000000000002,0.47058823529411764,0.24941176470588247
24,24,RightInThe McManus,Travis Homer,2.7,7.535,RB,4,-4.835,0.23529411764705882,-1.1376470588235295
25,25,Hot Chubb Time  Machine 2,Matthew Stafford,10.32,14.8,QB,1,-4.48,0.058823529411764705,-0.2635294117647059
26,26,Hot Chubb Time  Machine 2,Isiah Pacheco,8.24,7.112,RB,10,1.128,0.5882352941176471,0.6635294117647058
27,27,Hot Chubb Time  Machine 2,Alexander Mattison,3.0777777777777784,3.9577777777777774,RB,9,-0.8799999999999999,0.5294117647058824,-0.4658823529411764
28,28,Hot Chubb Time  Machine 2,Elijah Moore,3.3000000000000003,10.596666666666666,WR,3,-7.296666666666665,0.17647058823529413,-1.2876470588235291
29,29,Hot Chubb Time  Machine 2,Irv Smith Jr.,0.0,9.02,TE,1,-9.02,0.058823529411764705,-0.5305882352941176
30,30,Hot Chubb Time  Machine 2,Damien Williams,0.0571428571428571,2.46,RB,7,-2.402857142857143,0.4117647058823529,-0.9894117647058823
31,31,Hot Chubb Time  Machine 2,Derek Carr,10.706666666666663,16.563333333333333,QB,3,-5.856666666666667,0.17647058823529413,-1.033529411764706
32,32,Hot Chubb Time  Machine 2,Hunter Henry,4.0,9.11,TE,1,-5.109999999999999,0.058823529411764705,-0.3005882352941176
33,33,Hot Chubb Time  Machine 2,Justin Fields,15.037777777777778,9.115555555555554,QB,9,5.922222222222224,0.5294117647058824,3.13529411764706
34,34,Hot Chubb Time  Machine 2,Justin Jefferson,18.36705882352941,16.0,WR,17,2.367058823529412,1.0,2.367058823529412
35,35,Hot Chubb Time  Machine 2,Aaron Jones,17.094117647058823,13.507647058823526,RB,17,3.586470588235297,1.0,3.586470588235297
36,36,Hot Chubb Time  Machine 2,Nick Chubb,17.988235294117644,14.271764705882354,RB,17,3.716470588235289,1.0,3.716470588235289
37,37,Hot Chubb Time  Machine 2,Travis Etienne Jr.,10.882352941176473,11.566470588235294,RB,17,-0.6841176470588213,1.0,-0.6841176470588213
38,38,Hot Chubb Time  Machine 2,Courtland Sutton,9.71764705882353,10.69764705882353,WR,17,-0.9800000000000004,1.0,-0.9800000000000004
39,39,Hot Chubb Time  Machine 2,Darnell Mooney,7.750000000000001,10.315,WR,12,-2.5649999999999986,0.7058823529411765,-1.8105882352941167
40,40,Hot Chubb Time  Machine 2,Chase Edmonds,1.9714285714285715,8.157142857142857,RB,7,-6.185714285714285,0.4117647058823529,-2.547058823529411
41,41,Hot Chubb Time  Machine 2,Trey Lance,2.5,17.98,QB,2,-15.48,0.11764705882352941,-1.8211764705882354
42,42,Hot Chubb Time  Machine 2,Brandon Aiyuk,11.076470588235296,9.878235294117648,WR,17,1.198235294117648,1.0,1.198235294117648
43,43,Hot Chubb Time  Machine 2,George Pickens,10.982352941176472,8.583529411764706,WR,17,2.398823529411766,1.0,2.398823529411766
44,44,Hot Chubb Time  Machine 2,Darrell Henderson Jr.,5.699999999999999,7.188750000000001,RB,8,-1.4887500000000014,0.47058823529411764,-0.7005882352941183
45,45,Hot Chubb Time  Machine 2,Kenneth Gainwell,2.8,6.89,RB,4,-4.09,0.23529411764705882,-0.9623529411764705
46,46,Hot Chubb Time  Machine 2,Ryan Succop,6.333333333333333,6.528333333333333,K,12,-0.1950000000000002,0.7058823529411765,-0.13764705882352957
47,47,Hot Chubb Time  Machine 2,Broncos D/ST,7.0,7.25,D/ST,2,-0.25,0.11764705882352941,-0.029411764705882353
48,48,Hot Chubb Time  Machine 2,Gerald Everett,6.922222222222223,8.755555555555556,TE,9,-1.833333333333333,0.5294117647058824,-0.9705882352941175
49,49,Hot Chubb Time  Machine 2,Wan'Dale Robinson,5.5,3.37,WR,4,2.13,0.23529411764705882,0.5011764705882352
50,50,Hot Chubb Time  Machine 2,Isaiah McKenzie,2.9,11.91,WR,1,-9.01,0.058823529411764705,-0.53
51,51,Hot Chubb Time  Machine 2,Jaylen Warren,2.2,4.864999999999999,RB,4,-2.664999999999999,0.23529411764705882,-0.6270588235294116
52,52,Hot Chubb Time  Machine 2,Romeo Doubs,21.3,8.92,WR,1,12.38,0.058823529411764705,0.7282352941176471
53,53,Hot Chubb Time  Machine 2,Jared Goff,18.360000000000003,15.293333333333331,QB,3,3.066666666666672,0.17647058823529413,0.5411764705882363
54,54,Hot Chubb Time  Machine 2,Gus Edwards,3.0666666666666664,2.5866666666666664,RB,3,0.48,0.17647058823529413,0.08470588235294117
55,55,Hot Chubb Time  Machine 2,Eagles D/ST,6.2,5.738666666666666,D/ST,15,0.461333333333334,0.8823529411764706,0.4070588235294123
56,56,Hot Chubb Time  Machine 2,Josh Reynolds,15.2,11.6,WR,2,3.6,0.11764705882352941,0.4235294117647059
57,57,Hot Chubb Time  Machine 2,Jets D/ST,6.0,6.85,D/ST,1,-0.8499999999999996,0.058823529411764705,-0.049999999999999975
58,58,Hot Chubb Time  Machine 2,Jason Myers,12.0,7.775,K,2,4.225,0.11764705882352941,0.4970588235294117
59,59,Hot Chubb Time  Machine 2,Isaiah Likely,9.4,10.02,TE,1,-0.6199999999999992,0.058823529411764705,-0.036470588235294074
60,60,Hot Chubb Time  Machine 2,Kadarius Toney,0.0,3.5766666666666667,WR,3,-3.5766666666666667,0.17647058823529413,-0.6311764705882353
61,61,Hot Chubb Time  Machine 2,Cameron Dicker,12.0,7.25,K,3,4.75,0.17647058823529413,0.8382352941176471
62,62,Hot Chubb Time  Machine 2,Greg Dulcich,5.5875,8.54875,TE,8,-2.96125,0.47058823529411764,-1.393529411764706
63,63,Hot Chubb Time  Machine 2,Christian Watson,15.028571428571428,7.579999999999999,WR,7,7.448571428571429,0.4117647058823529,3.067058823529412
64,64,Hot Chubb Time  Machine 2,James Cook,2.5,8.73,RB,1,-6.23,0.058823529411764705,-0.36647058823529416
65,65,Hot Chubb Time  Machine 2,Taylor Heinicke,11.42,15.2,QB,1,-3.78,0.058823529411764705,-0.2223529411764706
66,66,Hot Chubb Time  Machine 2,Cole Kmet,13.2,8.78,TE,1,4.42,0.058823529411764705,0.26
67,67,Hot Chubb Time  Machine 2,Michael Gallup,6.0,10.43,WR,1,-4.43,0.058823529411764705,-0.2605882352941176
68,68,3 PP Wine,Christian McCaffrey,15.417647058823531,16.516470588235293,RB,17,-1.098823529411762,1.0,-1.098823529411762
69,69,3 PP Wine,James Conner,11.658823529411764,13.200588235294118,RB,17,-1.541764705882354,1.0,-1.541764705882354
70,70,3 PP Wine,Keenan Allen,6.188235294117647,7.288823529411765,WR,17,-1.1005882352941176,1.0,-1.1005882352941176
71,71,3 PP Wine,Josh Allen,23.227058823529408,21.22176470588235,QB,17,2.0052941176470576,1.0,2.0052941176470576
72,72,3 PP Wine,George Kittle,7.917647058823529,6.911764705882353,TE,17,1.0058823529411756,1.0,1.0058823529411756
73,73,3 PP Wine,Michael Thomas,10.3,6.345,WR,8,3.955000000000001,0.47058823529411764,1.8611764705882357
74,74,3 PP Wine,Miles Sanders,15.817647058823528,11.36941176470588,RB,17,4.448235294117648,1.0,4.448235294117648
75,75,3 PP Wine,Drake London,7.705882352941177,10.861176470588234,WR,17,-3.155294117647057,1.0,-3.155294117647057
76,76,3 PP Wine,Allen Lazard,10.08235294117647,10.047058823529412,WR,17,0.0352941176470587,1.0,0.0352941176470587
77,77,3 PP Wine,Packers D/ST,3.8,5.914,D/ST,5,-2.114,0.29411764705882354,-0.6217647058823529
78,78,3 PP Wine,DeAndre Hopkins,9.076470588235294,8.399411764705883,WR,17,0.6770588235294106,1.0,0.6770588235294106
79,79,3 PP Wine,Harrison Butker,10.0,8.015833333333333,K,12,1.9841666666666669,0.7058823529411765,1.400588235294118
80,80,3 PP Wine,Alexander Mattison,3.4750000000000005,3.90625,RB,8,-0.4312499999999994,0.47058823529411764,-0.20294117647058796
81,81,3 PP Wine,David Njoku,1.7,7.96,TE,1,-6.26,0.058823529411764705,-0.36823529411764705
82,82,3 PP Wine,Jameis Winston,14.65,15.9,QB,2,-1.25,0.11764705882352941,-0.14705882352941177
83,83,3 PP Wine,Jameson Williams,0.6529411764705882,0.3141176470588235,WR,17,0.3388235294117647,1.0,0.3388235294117647
84,84,3 PP Wine,Bengals D/ST,4.0,6.0371428571428565,D/ST,7,-2.0371428571428565,0.4117647058823529,-0.8388235294117644
85,85,3 PP Wine,Jake Elliott,5.0,8.19,K,1,-3.1899999999999995,0.058823529411764705,-0.1876470588235294
86,86,3 PP Wine,Taysom Hill,6.41,6.84,TE,2,-0.4299999999999997,0.11764705882352941,-0.050588235294117614
87,87,3 PP Wine,Dustin Hopkins,8.666666666666666,7.616666666666667,K,3,1.049999999999999,0.17647058823529413,0.18529411764705864
88,88,3 PP Wine,Mark Ingram II,3.6,5.42,RB,1,-1.82,0.058823529411764705,-0.10705882352941176
89,89,3 PP Wine,Gerald Everett,7.114285714285714,8.288571428571428,TE,7,-1.1742857142857144,0.4117647058823529,-0.4835294117647059
90,90,3 PP Wine,Browns D/ST,0.0,6.88,D/ST,1,-6.88,0.058823529411764705,-0.40470588235294114
91,91,3 PP Wine,Jimmy Garoppolo,13.895,14.825,QB,4,-0.9300000000000016,0.23529411764705882,-0.21882352941176508
92,92,3 PP Wine,Greg Dortch,1.6,10.55,WR,2,-8.950000000000001,0.11764705882352941,-1.0529411764705883
93,93,3 PP Wine,Eno Benjamin,10.042857142857144,8.858571428571429,RB,7,1.1842857142857142,0.4117647058823529,0.4876470588235293
94,94,3 PP Wine,Gus Edwards,5.654545454545455,2.7536363636363634,RB,11,2.900909090909092,0.6470588235294118,1.8770588235294128
95,95,3 PP Wine,Mike Boone,11.5,7.92,RB,2,3.58,0.11764705882352941,0.4211764705882353
96,96,3 PP Wine,Matthew Wright,7.0,7.87,K,1,-0.8700000000000001,0.058823529411764705,-0.0511764705882353
97,97,3 PP Wine,Tyler Conklin,7.4,6.8,TE,1,0.6000000000000005,0.058823529411764705,0.03529411764705886
98,98,3 PP Wine,Jets D/ST,4.0,5.9,D/ST,1,-1.9000000000000004,0.058823529411764705,-0.11176470588235296
99,99,3 PP Wine,Matt Ryan,9.92,15.75,QB,1,-5.83,0.058823529411764705,-0.34294117647058825
100,100,3 PP Wine,Kadarius Toney,0.64,2.948,WR,5,-2.308,0.29411764705882354,-0.6788235294117647
101,101,3 PP Wine,Vikings D/ST,8.0,5.51,D/ST,1,2.49,0.058823529411764705,0.14647058823529413
102,102,3 PP Wine,Dontrell Hilliard,1.8,6.69,RB,1,-4.890000000000001,0.058823529411764705,-0.2876470588235294
103,103,3 PP Wine,Raiders D/ST,7.0,5.385,D/ST,2,1.6150000000000002,0.11764705882352941,0.19000000000000003
104,104,3 PP Wine,Odell Beckham Jr.,0.0,0.0,WR,8,0.0,0.47058823529411764,0.0
105,105,3 PP Wine,Titans D/ST,6.0,5.13,D/ST,2,0.8700000000000001,0.11764705882352941,0.1023529411764706
106,106,3 PP Wine,James Cook,3.1500000000000004,7.735000000000001,RB,4,-4.585000000000001,0.23529411764705882,-1.078823529411765
107,107,3 PP Wine,Chiefs D/ST,8.0,6.77,D/ST,1,1.2300000000000004,0.058823529411764705,0.0723529411764706
108,108,Dakcidental  Thumblers ,Packers D/ST,5.5,5.665,D/ST,2,-0.165,0.11764705882352941,-0.019411764705882354
109,109,Dakcidental  Thumblers ,Elijah Moore,2.833333333333333,10.096666666666666,WR,3,-7.263333333333332,0.17647058823529413,-1.2817647058823527
110,110,Dakcidental  Thumblers ,Ja'Marr Chase,14.511764705882356,14.185294117647056,WR,17,0.3264705882352974,1.0,0.3264705882352974
111,111,Dakcidental  Thumblers ,Mark Andrews,9.788235294117646,12.698823529411769,TE,17,-2.910588235294121,1.0,-2.910588235294121
112,112,Dakcidental  Thumblers ,Cam Akers,0.6916666666666668,6.040833333333333,RB,12,-5.349166666666666,0.7058823529411765,-3.7758823529411765
113,113,Dakcidental  Thumblers ,David Montgomery,9.56470588235294,12.214117647058824,RB,17,-2.6494117647058832,1.0,-2.6494117647058832
114,114,Dakcidental  Thumblers ,Jerry Jeudy,12.729411764705883,12.337058823529413,WR,17,0.3923529411764708,1.0,0.3923529411764708
115,115,Dakcidental  Thumblers ,Dak Prescott,12.083529411764705,12.673529411764706,QB,17,-0.5900000000000016,1.0,-0.5900000000000016
116,116,Dakcidental  Thumblers ,Rashod Bateman,4.65,8.855,WR,8,-4.205,0.47058823529411764,-1.9788235294117646
117,117,Dakcidental  Thumblers ,Tony Pollard,12.941176470588236,11.212941176470588,RB,17,1.728235294117647,1.0,1.728235294117647
118,118,Dakcidental  Thumblers ,Tyler Lockett,11.658823529411766,13.38941176470588,WR,17,-1.730588235294114,1.0,-1.730588235294114
119,119,Dakcidental  Thumblers ,Garrett Wilson,9.647058823529411,10.486470588235292,WR,17,-0.839411764705881,1.0,-0.839411764705881
120,120,Dakcidental  Thumblers ,Michael Carter,6.211764705882352,8.631176470588237,RB,17,-2.4194117647058846,1.0,-2.4194117647058846
121,121,Dakcidental  Thumblers ,Hunter Henry,3.72,7.162000000000001,TE,5,-3.4420000000000006,0.29411764705882354,-1.012352941176471
122,122,Dakcidental  Thumblers ,Colts D/ST,5.117647058823529,5.481764705882353,D/ST,17,-0.3641176470588236,1.0,-0.3641176470588236
123,123,Dakcidental  Thumblers ,Justin Fields,28.18,15.04,QB,2,13.14,0.11764705882352941,1.5458823529411765
124,124,Dakcidental  Thumblers ,Matt Prater,4.5,7.87,K,4,-3.37,0.23529411764705882,-0.7929411764705883
125,125,Dakcidental  Thumblers ,Nico Collins,5.470588235294118,4.88470588235294,WR,17,0.5858823529411774,1.0,0.5858823529411774
126,126,Dakcidental  Thumblers ,Cade York,7.5,7.602500000000001,K,4,-0.1025000000000009,0.23529411764705882,-0.02411764705882374
127,127,Dakcidental  Thumblers ,Trevor Lawrence,13.97777777777778,17.203333333333333,QB,9,-3.225555555555553,0.5294117647058824,-1.7076470588235282
128,128,Dakcidental  Thumblers ,Ryan Tannehill,13.153333333333334,15.083333333333334,QB,3,-1.93,0.17647058823529413,-0.34058823529411764
129,129,Dakcidental  Thumblers ,Matthew Wright,7.0,7.87,K,1,-0.8700000000000001,0.058823529411764705,-0.0511764705882353
130,130,Dakcidental  Thumblers ,Zach Wilson,12.433333333333332,14.7,QB,3,-2.2666666666666693,0.17647058823529413,-0.40000000000000047
131,131,Dakcidental  Thumblers ,Robert Tonyan,5.977777777777778,6.941111111111112,TE,9,-0.9633333333333338,0.5294117647058824,-0.5100000000000002
132,132,Dakcidental  Thumblers ,Chris Boswell,6.333333333333333,5.343333333333334,K,3,0.9899999999999992,0.17647058823529413,0.17470588235294104
133,133,Dakcidental  Thumblers ,Cairo Santos,6.4,8.175999999999998,K,5,-1.775999999999998,0.29411764705882354,-0.52235294117647
134,134,Dakcidental  Thumblers ,Terrace Marshall Jr.,4.344444444444444,6.023333333333333,WR,9,-1.678888888888889,0.5294117647058824,-0.8888235294117648
135,135,Dakcidental  Thumblers ,Seahawks D/ST,6.4,5.177999999999999,D/ST,5,1.2220000000000013,0.29411764705882354,0.35941176470588276
136,136,Country Road Take Mahomes ,Packers D/ST,3.0,6.3,D/ST,1,-3.3,0.058823529411764705,-0.1941176470588235
137,137,Country Road Take Mahomes ,Dolphins D/ST,8.0,5.027777777777778,D/ST,9,2.9722222222222223,0.5294117647058824,1.5735294117647058
138,138,Country Road Take Mahomes ,Irv Smith Jr.,10.7,7.73,TE,1,2.969999999999999,0.058823529411764705,0.1747058823529411
139,139,Country Road Take Mahomes ,Evan Engram,9.763636363636364,8.94909090909091,TE,11,0.8145454545454545,0.6470588235294118,0.5270588235294117
140,140,Country Road Take Mahomes ,Allen Robinson II,8.64,8.442,WR,5,0.1980000000000004,0.29411764705882354,0.05823529411764718
141,141,Country Road Take Mahomes ,Dawson Knox,12.8,7.92,TE,1,4.880000000000001,0.058823529411764705,0.2870588235294118
142,142,Country Road Take Mahomes ,Steelers D/ST,7.25,5.6625,D/ST,4,1.5875000000000004,0.23529411764705882,0.37352941176470594
143,143,Country Road Take Mahomes ,D'Andre Swift,12.641176470588237,12.147647058823528,RB,17,0.4935294117647064,1.0,0.4935294117647064
144,144,Country Road Take Mahomes ,Stefon Diggs,21.97647058823529,18.339411764705883,WR,17,3.637058823529412,1.0,3.637058823529412
145,145,Country Road Take Mahomes ,Patrick Mahomes,19.163529411764703,19.73411764705882,QB,17,-0.5705882352941174,1.0,-0.5705882352941174
146,146,Country Road Take Mahomes ,DK Metcalf,12.676470588235292,14.748823529411764,WR,17,-2.0723529411764723,1.0,-2.0723529411764723
147,147,Country Road Take Mahomes ,Kareem Hunt,6.35294117647059,9.49705882352941,RB,17,-3.144117647058821,1.0,-3.144117647058821
148,148,Country Road Take Mahomes ,Darren Waller,6.670588235294118,5.799411764705883,TE,17,0.8711764705882352,1.0,0.8711764705882352
149,149,Country Road Take Mahomes ,Antonio Gibson,10.111764705882353,10.342941176470587,RB,17,-0.2311764705882346,1.0,-0.2311764705882346
150,150,Country Road Take Mahomes ,DeVonta Smith,19.176470588235297,12.483529411764708,WR,17,6.69294117647059,1.0,6.69294117647059
151,151,Country Road Take Mahomes ,Evan McPherson,6.75,7.939999999999999,K,16,-1.1899999999999995,0.9411764705882353,-1.1199999999999994
152,152,Country Road Take Mahomes ,Jahan Dotson,8.528571428571428,6.557142857142857,WR,7,1.9714285714285715,0.4117647058823529,0.8117647058823529
153,153,Country Road Take Mahomes ,Brian Robinson Jr.,6.6117647058823525,6.941176470588236,RB,17,-0.3294117647058829,1.0,-0.3294117647058829
154,154,Country Road Take Mahomes ,Mac Jones,13.983999999999998,14.66,QB,5,-0.6760000000000019,0.29411764705882354,-0.1988235294117653
155,155,Country Road Take Mahomes ,Robbie Anderson,2.64,10.374,WR,5,-7.733999999999998,0.29411764705882354,-2.274705882352941
156,156,Country Road Take Mahomes ,Raheem Mostert,9.488235294117649,10.16705882352941,RB,17,-0.6788235294117637,1.0,-0.6788235294117637
157,157,Country Road Take Mahomes ,Hayden Hurst,6.633333333333333,7.973333333333333,TE,3,-1.34,0.17647058823529413,-0.23647058823529415
158,158,Country Road Take Mahomes ,Browns D/ST,4.0,6.835999999999999,D/ST,5,-2.8359999999999985,0.29411764705882354,-0.8341176470588231
159,159,Country Road Take Mahomes ,Rams D/ST,5.833333333333333,6.169999999999999,D/ST,12,-0.336666666666666,0.7058823529411765,-0.23764705882352896
160,160,Country Road Take Mahomes ,Jared Goff,13.354,12.94,QB,10,0.4139999999999979,0.5882352941176471,0.24352941176470466
161,161,Country Road Take Mahomes ,Josh Reynolds,15.2,11.6,WR,1,3.6,0.058823529411764705,0.21176470588235294
162,162,Country Road Take Mahomes ,Jaguars D/ST,1.0,7.535,D/ST,2,-6.535,0.11764705882352941,-0.7688235294117647
163,163,Country Road Take Mahomes ,Ben Skowronek,16.7,6.51,WR,1,10.19,0.058823529411764705,0.5994117647058823
164,164,Country Road Take Mahomes ,Chuba Hubbard,5.85,6.965,RB,4,-1.1150000000000002,0.23529411764705882,-0.2623529411764706
165,165,Country Road Take Mahomes ,Cameron Dicker,12.0,7.25,K,1,4.75,0.058823529411764705,0.27941176470588236
166,166,Country Road Take Mahomes ,Saints D/ST,4.0,6.36,D/ST,1,-2.3600000000000003,0.058823529411764705,-0.13882352941176473
167,167,Country Road Take Mahomes ,Foster Moreau,4.2,8.6,TE,3,-4.4,0.17647058823529413,-0.7764705882352942
168,168,Country Road Take Mahomes ,Juwan Johnson,11.2,8.08,TE,1,3.119999999999999,0.058823529411764705,0.18352941176470583
169,169,Trash Trash,David Njoku,3.342857142857142,5.395714285714285,TE,14,-2.052857142857143,0.8235294117647058,-1.6905882352941177
170,170,Trash Trash,Evan Engram,12.9,6.65,TE,1,6.25,0.058823529411764705,0.3676470588235294
171,171,Trash Trash,Rex Burkhead,1.2,7.71,RB,1,-6.51,0.058823529411764705,-0.38294117647058823
172,172,Trash Trash,Taysom Hill,5.531999999999999,6.82,TE,5,-1.2880000000000011,0.29411764705882354,-0.37882352941176506
173,173,Trash Trash,Broncos D/ST,-4.0,8.02,D/ST,2,-12.02,0.11764705882352941,-1.4141176470588235
174,174,Trash Trash,Najee Harris,12.436470588235292,13.147647058823528,RB,17,-0.7111764705882333,1.0,-0.7111764705882333
175,175,Trash Trash,Saquon Barkley,18.95882352941177,20.05294117647059,RB,17,-1.0941176470588196,1.0,-1.0941176470588196
176,176,Trash Trash,Tee Higgins,11.682352941176472,12.965882352941176,WR,17,-1.2835294117647038,1.0,-1.2835294117647038
177,177,Trash Trash,Mike Williams,9.752941176470586,9.155882352941177,WR,17,0.5970588235294088,1.0,0.5970588235294088
178,178,Trash Trash,Elijah Mitchell,0.0,0.0,RB,14,0.0,0.8235294117647058,0.0
179,179,Trash Trash,Allen Robinson II,8.64,8.442,WR,5,0.1980000000000004,0.29411764705882354,0.05823529411764718
180,180,Trash Trash,Adam Thielen,8.799999999999997,11.547647058823529,WR,17,-2.747647058823532,1.0,-2.747647058823532
181,181,Trash Trash,Aaron Rodgers,14.8,16.298235294117646,QB,17,-1.4982352941176451,1.0,-1.4982352941176451
182,182,Trash Trash,Dawson Knox,9.933333333333332,8.533333333333333,TE,3,1.3999999999999986,0.17647058823529413,0.24705882352941153
183,183,Trash Trash,Chase Claypool,10.868,9.928,WR,10,0.9399999999999976,0.5882352941176471,0.5529411764705868
184,184,Trash Trash,Nyheim Hines,4.516666666666667,6.4750000000000005,RB,6,-1.958333333333334,0.35294117647058826,-0.6911764705882355
185,185,Trash Trash,Julio Jones,0.0,0.0,WR,5,0.0,0.29411764705882354,0.0
186,186,Trash Trash,Jeff Wilson Jr.,8.90625,9.273125,RB,16,-0.3668750000000003,0.9411764705882353,-0.3452941176470591
187,187,Trash Trash,Jaylen Warren,1.9,6.76,RB,2,-4.859999999999999,0.11764705882352941,-0.5717647058823528
188,188,Trash Trash,Marcus Mariota,16.846666666666668,15.653333333333334,QB,3,1.1933333333333334,0.17647058823529413,0.21058823529411766
189,189,Trash Trash,Steelers D/ST,5.0,6.68,D/ST,1,-1.6799999999999995,0.058823529411764705,-0.09882352941176467
190,190,Trash Trash,Cade York,12.0,7.47,K,1,4.53,0.058823529411764705,0.2664705882352941
191,191,Trash Trash,Mecole Hardman,1.2,11.25,WR,1,-10.05,0.058823529411764705,-0.5911764705882353
192,192,Trash Trash,Buccaneers D/ST,-1.0,3.0,D/ST,1,-4.0,0.058823529411764705,-0.23529411764705882
193,193,Trash Trash,Trevor Lawrence,16.36,18.47,QB,1,-2.1099999999999994,0.058823529411764705,-0.1241176470588235
194,194,Trash Trash,Ryan Tannehill,14.38,15.1,QB,1,-0.7199999999999989,0.058823529411764705,-0.042352941176470524
195,195,Trash Trash,Jared Goff,25.7,15.47,QB,1,10.23,0.058823529411764705,0.601764705882353
196,196,Trash Trash,Younghoe Koo,6.666666666666667,5.17,K,3,1.496666666666667,0.17647058823529413,0.2641176470588236
197,197,Trash Trash,Jaguars D/ST,5.75,6.9575,D/ST,4,-1.2074999999999996,0.23529411764705882,-0.2841176470588234
198,198,Trash Trash,Latavius Murray,9.76923076923077,8.679230769230768,RB,13,1.0900000000000016,0.7647058823529411,0.8335294117647071
199,199,Trash Trash,Alec Pierce,10.966666666666669,8.4,WR,3,2.5666666666666664,0.17647058823529413,0.45294117647058824
200,200,Trash Trash,Brett Maher,8.818181818181818,7.604545454545455,K,11,1.213636363636363,0.6470588235294118,0.7852941176470585
201,201,Trash Trash,Commanders D/ST,5.333333333333333,4.9433333333333325,D/ST,3,0.3900000000000005,0.17647058823529413,0.0688235294117648
202,202,Trash Trash,Chuba Hubbard,5.85,6.965,RB,4,-1.1150000000000002,0.23529411764705882,-0.2623529411764706
203,203,Trash Trash,Andy Dalton,12.11,15.86,QB,2,-3.75,0.11764705882352941,-0.4411764705882353
204,204,Trash Trash,Donovan Peoples-Jones,10.56,9.484,WR,10,1.0760000000000003,0.5882352941176471,0.6329411764705885
205,205,Trash Trash,Jacoby Brissett,8.24,7.725,QB,4,0.5150000000000006,0.23529411764705882,0.12117647058823543
206,206,Trash Trash,Cardinals D/ST,10.0,6.14,D/ST,1,3.86,0.058823529411764705,0.22705882352941176
207,207,Trash Trash,Deshaun Watson,9.855,12.40375,QB,8,-2.5487499999999983,0.47058823529411764,-1.1994117647058815
208,208,Trash Trash,Kenyan Drake,0.0,0.0,RB,1,0.0,0.058823529411764705,0.0
209,209,Trash Trash,Chiefs D/ST,6.5,7.19,D/ST,2,-0.6899999999999995,0.11764705882352941,-0.08117647058823524
210,210,Trash Trash,Cole Kmet,9.957142857142856,9.037142857142856,TE,7,0.92,0.4117647058823529,0.3788235294117647
211,211,Trash Trash,Colin Kaepernick,0.0,0.0,QB,2,0.0,0.11764705882352941,0.0
212,212,Trash Trash,Seahawks D/ST,16.0,4.33,D/ST,1,11.67,0.058823529411764705,0.686470588235294
213,213,Trash Trash,Michael Gallup,6.0,10.43,WR,1,-4.43,0.058823529411764705,-0.2605882352941176
214,214,Trash Trash,Zack Moss,7.7,11.605,RB,2,-3.905,0.11764705882352941,-0.4594117647058823
215,215,Trash Trash,Nick Foles,-0.28,13.12,QB,1,-13.4,0.058823529411764705,-0.788235294117647
216,216,Trash Trash,Chargers D/ST,10.0,6.1,D/ST,1,3.9,0.058823529411764705,0.22941176470588234
217,217,Trash Trash,Gardner Minshew,12.96,17.26,QB,1,-4.300000000000001,0.058823529411764705,-0.2529411764705883
218,218,Corduroy Patterson,Bengals D/ST,11.0,6.23,D/ST,1,4.77,0.058823529411764705,0.28058823529411764
219,219,Corduroy Patterson,Alvin Kamara,15.511764705882351,18.13529411764706,RB,17,-2.623529411764707,1.0,-2.623529411764707
220,220,Corduroy Patterson,Davante Adams,20.47647058823529,16.72470588235294,WR,17,3.7517647058823513,1.0,3.7517647058823513
221,221,Corduroy Patterson,Breece Hall,11.717647058823529,7.500588235294117,RB,17,4.21705882352941,1.0,4.21705882352941
222,222,Corduroy Patterson,Diontae Johnson,11.558823529411764,13.181764705882353,WR,17,-1.6229411764705866,1.0,-1.6229411764705866
223,223,Corduroy Patterson,Kyler Murray,13.50470588235294,15.151176470588236,QB,17,-1.646470588235294,1.0,-1.646470588235294
224,224,Corduroy Patterson,Cordarrelle Patterson,8.982352941176472,6.816470588235293,RB,17,2.1658823529411797,1.0,2.1658823529411797
225,225,Corduroy Patterson,Rhamondre Stevenson,14.9,11.97294117647059,RB,17,2.9270588235294106,1.0,2.9270588235294106
226,226,Corduroy Patterson,Dallas Goedert,10.914285714285713,10.210714285714284,TE,14,0.7035714285714274,0.8235294117647058,0.5794117647058814
227,227,Corduroy Patterson,Robert Woods,6.428571428571429,9.668571428571427,WR,7,-3.2399999999999984,0.4117647058823529,-1.3341176470588227
228,228,Corduroy Patterson,DJ Chark,9.12,8.108,WR,5,1.0120000000000005,0.29411764705882354,0.29764705882352954
229,229,Corduroy Patterson,Marquez Valdes-Scantling,11.1,10.19,WR,2,0.91,0.11764705882352941,0.10705882352941176
230,230,Corduroy Patterson,49ers D/ST,9.411764705882351,6.513529411764705,D/ST,17,2.898235294117648,1.0,2.898235294117648
231,231,Corduroy Patterson,Kirk Cousins,18.43647058823529,16.300588235294118,QB,17,2.135882352941177,1.0,2.135882352941177
232,232,Corduroy Patterson,Evan Engram,6.8,8.23,TE,1,-1.4300000000000006,0.058823529411764705,-0.08411764705882356
233,233,Corduroy Patterson,Greg Joseph,5.833333333333333,8.151666666666666,K,6,-2.3183333333333325,0.35294117647058826,-0.8182352941176468
234,234,Corduroy Patterson,Damien Williams,0.2,8.61,RB,1,-8.41,0.058823529411764705,-0.49470588235294116
235,235,Corduroy Patterson,Derek Carr,8.97,8.85,QB,2,0.120000000000001,0.11764705882352941,0.014117647058823646
236,236,Corduroy Patterson,Noah Fant,7.983333333333333,7.465,TE,6,0.5183333333333335,0.35294117647058826,0.18294117647058833
237,237,Corduroy Patterson,Cam Akers,0.875,6.3775,RB,4,-5.5025,0.23529411764705882,-1.2947058823529412
238,238,Corduroy Patterson,Taysom Hill,5.531999999999999,6.82,TE,5,-1.2880000000000011,0.29411764705882354,-0.37882352941176506
239,239,Corduroy Patterson,Mark Ingram II,5.15,4.64,RB,2,0.5100000000000007,0.11764705882352941,0.06000000000000008
240,240,Corduroy Patterson,Darrell Henderson Jr.,6.349999999999999,7.060000000000001,RB,6,-0.7100000000000026,0.35294117647058826,-0.2505882352941186
241,241,Corduroy Patterson,Isaiah McKenzie,9.4,8.55,WR,1,0.8499999999999996,0.058823529411764705,0.049999999999999975
242,242,Corduroy Patterson,Dawson Knox,14.1,7.14,TE,1,6.96,0.058823529411764705,0.40941176470588236
243,243,Corduroy Patterson,Nyheim Hines,4.971428571428571,6.915714285714286,RB,7,-1.944285714285716,0.4117647058823529,-0.8005882352941183
244,244,Corduroy Patterson,Cade York,9.5,7.49,K,2,2.01,0.11764705882352941,0.2364705882352941
245,245,Corduroy Patterson,Robbie Anderson,3.3,10.93,WR,2,-7.63,0.11764705882352941,-0.8976470588235294
246,246,Corduroy Patterson,Nelson Agholor,4.1,11.01,WR,1,-6.91,0.058823529411764705,-0.40647058823529414
247,247,Corduroy Patterson,Mecole Hardman,0.0,0.0,WR,1,0.0,0.058823529411764705,0.0
248,248,Corduroy Patterson,Romeo Doubs,8.975,8.14875,WR,8,0.8262499999999999,0.47058823529411764,0.3888235294117647
249,249,Corduroy Patterson,Greg Dortch,1.6,10.55,WR,1,-8.950000000000001,0.058823529411764705,-0.5264705882352941
250,250,Corduroy Patterson,Zay Jones,7.630769230769231,10.546923076923076,WR,13,-2.916153846153846,0.7647058823529411,-2.23
251,251,Corduroy Patterson,Tyler Conklin,7.133333333333333,8.163333333333334,TE,3,-1.0300000000000011,0.17647058823529413,-0.18176470588235316
252,252,Corduroy Patterson,Corey Davis,5.05,7.4975,WR,4,-2.4475,0.23529411764705882,-0.5758823529411764
253,253,Corduroy Patterson,Robert Tonyan,1.9,7.649999999999999,TE,2,-5.75,0.11764705882352941,-0.6764705882352942
254,254,Corduroy Patterson,Nick Folk,8.454545454545455,4.765454545454546,K,11,3.689090909090909,0.6470588235294118,2.387058823529412
255,255,Corduroy Patterson,Parris Campbell,13.52,10.141000000000002,WR,10,3.378999999999998,0.5882352941176471,1.9876470588235282
256,256,Corduroy Patterson,Kenyan Drake,6.6,3.64,RB,1,2.9599999999999995,0.058823529411764705,0.1741176470588235
257,257,Corduroy Patterson,Chiefs D/ST,8.0,6.77,D/ST,1,1.2300000000000004,0.058823529411764705,0.0723529411764706
258,258,Deshaunorable Discharge,Bengals D/ST,3.0,7.58,D/ST,2,-4.58,0.11764705882352941,-0.5388235294117647
259,259,Deshaunorable Discharge,Joe Mixon,17.411764705882355,15.653529411764708,RB,17,1.7582352941176485,1.0,1.7582352941176485
260,260,Deshaunorable Discharge,Leonard Fournette,9.758823529411766,11.025882352941176,RB,17,-1.2670588235294105,1.0,-1.2670588235294105
261,261,Deshaunorable Discharge,A.J. Brown,14.82941176470588,14.181176470588236,WR,17,0.6482352941176437,1.0,0.6482352941176437
262,262,Deshaunorable Discharge,Jaylen Waddle,11.93529411764706,13.355882352941178,WR,17,-1.4205882352941188,1.0,-1.4205882352941188
263,263,Deshaunorable Discharge,Damien Harris,4.947058823529411,6.297058823529412,RB,17,-1.3500000000000003,1.0,-1.3500000000000003
264,264,Deshaunorable Discharge,Gabe Davis,7.370588235294116,10.84235294117647,WR,17,-3.4717647058823538,1.0,-3.4717647058823538
265,265,Deshaunorable Discharge,Joe Burrow,21.42235294117647,19.655882352941177,QB,17,1.7664705882352931,1.0,1.7664705882352931
266,266,Deshaunorable Discharge,Zach Ertz,9.981818181818182,8.82909090909091,TE,11,1.1527272727272724,0.6470588235294118,0.7458823529411763
267,267,Deshaunorable Discharge,Elijah Moore,5.659999999999999,11.174,WR,5,-5.514,0.29411764705882354,-1.621764705882353
268,268,Deshaunorable Discharge,James Robinson,6.655555555555555,8.768888888888888,RB,9,-2.1133333333333333,0.5294117647058824,-1.1188235294117648
269,269,Deshaunorable Discharge,Daniel Carlson,10.125,8.285,K,16,1.84,0.9411764705882353,1.731764705882353
270,270,Deshaunorable Discharge,J.D. McKissic,6.249999999999999,9.2875,RB,8,-3.0375000000000005,0.47058823529411764,-1.4294117647058826
271,271,Deshaunorable Discharge,Dolphins D/ST,12.666666666666666,5.866666666666666,D/ST,3,6.8,0.17647058823529413,1.2
272,272,Deshaunorable Discharge,Marvin Jones Jr.,3.9,10.51,WR,4,-6.609999999999999,0.23529411764705882,-1.5552941176470587
273,273,Deshaunorable Discharge,Irv Smith Jr.,0.0,9.02,TE,1,-9.02,0.058823529411764705,-0.5305882352941176
274,274,Deshaunorable Discharge,Tyler Allgeier,5.5,4.323333333333333,RB,3,1.1766666666666667,0.17647058823529413,0.20764705882352943
275,275,Deshaunorable Discharge,Marquez Valdes-Scantling,8.575,9.677499999999998,WR,8,-1.1024999999999991,0.47058823529411764,-0.5188235294117644
276,276,Deshaunorable Discharge,Melvin Gordon III,6.133333333333333,11.763333333333334,RB,3,-5.630000000000001,0.17647058823529413,-0.9935294117647061
277,277,Deshaunorable Discharge,Derek Carr,18.98,17.64,QB,1,1.34,0.058823529411764705,0.07882352941176471
278,278,Deshaunorable Discharge,Chase Edmonds,1.7333333333333332,7.419999999999999,RB,3,-5.686666666666666,0.17647058823529413,-1.0035294117647058
279,279,Deshaunorable Discharge,Broncos D/ST,-4.0,8.02,D/ST,1,-12.02,0.058823529411764705,-0.7070588235294117
280,280,Deshaunorable Discharge,Dawson Knox,12.585714285714287,8.311428571428573,TE,7,4.274285714285714,0.4117647058823529,1.7599999999999998
281,281,Deshaunorable Discharge,Steelers D/ST,5.0,6.074999999999999,D/ST,2,-1.0749999999999993,0.11764705882352941,-0.12647058823529403
282,282,Deshaunorable Discharge,Mecole Hardman,0.1714285714285714,1.6071428571428572,WR,7,-1.4357142857142855,0.4117647058823529,-0.5911764705882352
283,283,Deshaunorable Discharge,Curtis Samuel,9.186666666666667,9.097333333333337,WR,15,0.0893333333333323,0.8823529411764706,0.07882352941176378
284,284,Deshaunorable Discharge,Mack Hollins,7.25,10.455,WR,2,-3.205,0.11764705882352941,-0.3770588235294118
285,285,Deshaunorable Discharge,Samaje Perine,6.816666666666667,8.040000000000001,RB,6,-1.2233333333333336,0.35294117647058826,-0.43176470588235305
286,286,Deshaunorable Discharge,Jason Myers,10.666666666666666,7.828333333333333,K,6,2.838333333333333,0.35294117647058826,1.001764705882353
287,287,Deshaunorable Discharge,Commanders D/ST,5.666666666666667,5.366666666666666,D/ST,3,0.3000000000000007,0.17647058823529413,0.052941176470588366
288,288,Deshaunorable Discharge,Randall Cobb,0.0,0.0,WR,2,0.0,0.11764705882352941,0.0
289,289,Deshaunorable Discharge,Kyren Williams,4.075,6.1937500000000005,RB,8,-2.1187500000000004,0.47058823529411764,-0.9970588235294119
290,290,Deshaunorable Discharge,Cardinals D/ST,7.0,5.62,D/ST,2,1.38,0.11764705882352941,0.16235294117647056
291,291,Deshaunorable Discharge,Titans D/ST,6.0,5.13,D/ST,2,0.8700000000000001,0.11764705882352941,0.1023529411764706
292,292,Deshaunorable Discharge,Darius Slayton,8.8,10.342857142857143,WR,7,-1.5428571428571427,0.4117647058823529,-0.6352941176470587
293,293,Deshaunorable Discharge,Zonovan Knight,8.48,11.506,RB,5,-3.026,0.29411764705882354,-0.89
294,294,Deshaunorable Discharge,JaMycal Hasty,1.7,2.893333333333333,RB,3,-1.1933333333333331,0.17647058823529413,-0.21058823529411763
295,295,Deshaunorable Discharge,Juwan Johnson,6.55,7.675,TE,2,-1.125,0.11764705882352941,-0.1323529411764706
296,296,Deshaunorable Discharge,Hassan Haskins,7.3,9.92,RB,1,-2.62,0.058823529411764705,-0.15411764705882353
297,297,Deshaunorable Discharge,Chargers D/ST,10.0,6.1,D/ST,1,3.9,0.058823529411764705,0.22941176470588234
298,298,Devon Allen’s Hurdle crew,James Robinson,8.55,5.734999999999999,RB,4,2.8150000000000013,0.23529411764705882,0.6623529411764709
299,299,Devon Allen’s Hurdle crew,DJ Chark,7.599999999999999,6.756666666666667,WR,3,0.8433333333333319,0.17647058823529413,0.14882352941176447
300,300,Devon Allen’s Hurdle crew,Marquez Valdes-Scantling,6.833333333333333,9.83,WR,3,-2.996666666666667,0.17647058823529413,-0.5288235294117648
301,301,Devon Allen’s Hurdle crew,Evan Engram,9.95,8.17,TE,2,1.7799999999999994,0.11764705882352941,0.20941176470588227
302,302,Devon Allen’s Hurdle crew,Derrick Henry,14.352941176470583,15.604117647058825,RB,17,-1.2511764705882378,1.0,-1.2511764705882378
303,303,Devon Allen’s Hurdle crew,Deebo Samuel,12.223529411764703,14.46,WR,17,-2.236470588235294,1.0,-2.236470588235294
304,304,Devon Allen’s Hurdle crew,DJ Moore,10.141176470588237,11.86941176470588,WR,17,-1.7282352941176455,1.0,-1.7282352941176455
305,305,Devon Allen’s Hurdle crew,Josh Jacobs,16.158823529411766,14.240588235294116,RB,17,1.9182352941176504,1.0,1.9182352941176504
306,306,Devon Allen’s Hurdle crew,Jalen Hurts,25.32,23.074117647058824,QB,17,2.245882352941173,1.0,2.245882352941173
307,307,Devon Allen’s Hurdle crew,Chris Godwin,11.452941176470588,11.575294117647058,WR,17,-0.1223529411764694,1.0,-0.1223529411764694
308,308,Devon Allen’s Hurdle crew,T.J. Hockenson,10.423529411764706,10.033529411764707,TE,17,0.3899999999999988,1.0,0.3899999999999988
309,309,Devon Allen’s Hurdle crew,Melvin Gordon III,6.644444444444445,9.5,RB,9,-2.855555555555555,0.5294117647058824,-1.5117647058823527
310,310,Devon Allen’s Hurdle crew,Justin Tucker,7.647058823529412,7.268823529411764,K,17,0.3782352941176476,1.0,0.3782352941176476
311,311,Devon Allen’s Hurdle crew,Chris Olave,9.935294117647056,10.590000000000002,WR,17,-0.6547058823529444,1.0,-0.6547058823529444
312,312,Devon Allen’s Hurdle crew,Cowboys D/ST,10.0,6.051764705882353,D/ST,17,3.948235294117647,1.0,3.948235294117647
313,313,Devon Allen’s Hurdle crew,Derek Carr,12.63,13.993333333333332,QB,6,-1.3633333333333315,0.35294117647058826,-0.4811764705882347
314,314,Devon Allen’s Hurdle crew,Rex Burkhead,6.084615384615385,7.44923076923077,RB,13,-1.3646153846153846,0.7647058823529411,-1.0435294117647058
315,315,Devon Allen’s Hurdle crew,Noah Fant,7.274999999999999,7.317499999999999,TE,4,-0.0424999999999995,0.23529411764705882,-0.009999999999999882
316,316,Devon Allen’s Hurdle crew,Jalen Tolbert,0.0,4.59,WR,1,-4.59,0.058823529411764705,-0.26999999999999996
317,317,Devon Allen’s Hurdle crew,Jake Elliott,6.5,7.85,K,4,-1.3499999999999996,0.23529411764705882,-0.31764705882352934
318,318,Devon Allen’s Hurdle crew,Isaiah McKenzie,6.0,10.246666666666666,WR,3,-4.246666666666666,0.17647058823529413,-0.7494117647058823
319,319,Devon Allen’s Hurdle crew,Sterling Shepard,9.4,10.09,WR,2,-0.6899999999999995,0.11764705882352941,-0.08117647058823524
320,320,Devon Allen’s Hurdle crew,Marcus Mariota,15.995,15.7225,QB,8,0.2724999999999991,0.47058823529411764,0.12823529411764661
321,321,Devon Allen’s Hurdle crew,Browns D/ST,5.0,7.115,D/ST,2,-2.115,0.11764705882352941,-0.24882352941176472
322,322,Devon Allen’s Hurdle crew,Marlon Mack,0.0,2.2,RB,3,-2.2,0.17647058823529413,-0.3882352941176471
323,323,Devon Allen’s Hurdle crew,Mike Boone,11.5,7.92,RB,1,3.58,0.058823529411764705,0.21058823529411766
324,324,Devon Allen’s Hurdle crew,Corey Davis,5.05,7.4975,WR,4,-2.4475,0.23529411764705882,-0.5758823529411764
325,325,Devon Allen’s Hurdle crew,Will Dissly,3.745454545454545,5.779090909090908,TE,11,-2.0336363636363632,0.6470588235294118,-1.3158823529411763
326,326,Devon Allen’s Hurdle crew,Samaje Perine,1.8,6.63,RB,2,-4.83,0.11764705882352941,-0.5682352941176471
327,327,Devon Allen’s Hurdle crew,Marquise Goodwin,7.3,4.68,WR,2,2.62,0.11764705882352941,0.30823529411764705
328,328,Devon Allen’s Hurdle crew,Kenyan Drake,2.8285714285714283,1.56,RB,7,1.2685714285714282,0.4117647058823529,0.5223529411764705
329,329,Devon Allen’s Hurdle crew,Robbie Gould,10.0,7.739999999999999,K,3,2.2600000000000007,0.17647058823529413,0.39882352941176485
330,330,Devon Allen’s Hurdle crew,Saints D/ST,4.0,6.36,D/ST,1,-2.3600000000000003,0.058823529411764705,-0.13882352941176473
331,331,Devon Allen’s Hurdle crew,JaMycal Hasty,1.3,2.49,RB,1,-1.1900000000000002,0.058823529411764705,-0.07
332,332,Dessert Desperadoes,Mark Ingram II,6.1,11.14,RB,1,-5.040000000000001,0.058823529411764705,-0.29647058823529415
333,333,Dessert Desperadoes,Broncos D/ST,-1.0,7.51,D/ST,2,-8.51,0.11764705882352941,-1.0011764705882353
334,334,Dessert Desperadoes,Hayden Hurst,6.288888888888888,6.53888888888889,TE,9,-0.2500000000000018,0.5294117647058824,-0.13235294117647153
335,335,Dessert Desperadoes,Austin Ekeler,24.92941176470588,19.79764705882353,RB,17,5.13176470588235,1.0,5.13176470588235
336,336,Dessert Desperadoes,Ezekiel Elliott,13.24117647058823,11.458823529411768,RB,17,1.7823529411764645,1.0,1.7823529411764645
337,337,Dessert Desperadoes,Michael Pittman Jr.,10.63529411764706,12.55235294117647,WR,17,-1.917058823529409,1.0,-1.917058823529409
338,338,Dessert Desperadoes,Justin Herbert,17.32823529411765,19.38647058823529,QB,17,-2.058235294117644,1.0,-2.058235294117644
339,339,Dessert Desperadoes,Amon-Ra St. Brown,11.823529411764708,15.12235294117647,WR,17,-3.298823529411761,1.0,-3.298823529411761
340,340,Dessert Desperadoes,Bills D/ST,5.352941176470588,4.509411764705883,D/ST,17,0.8435294117647052,1.0,0.8435294117647052
341,341,Dessert Desperadoes,AJ Dillon,7.847058823529412,8.68764705882353,RB,17,-0.840588235294117,1.0,-0.840588235294117
342,342,Dessert Desperadoes,Christian Kirk,11.323529411764705,12.23235294117647,WR,17,-0.908823529411766,1.0,-0.908823529411766
343,343,Dessert Desperadoes,Pat Freiermuth,9.682352941176472,9.785882352941176,TE,17,-0.1035294117647041,1.0,-0.1035294117647041
344,344,Dessert Desperadoes,Jakobi Meyers,6.841176470588236,7.519411764705882,WR,17,-0.6782352941176466,1.0,-0.6782352941176466
345,345,Dessert Desperadoes,Kenny Golladay,0.0,5.95,WR,3,-5.95,0.17647058823529413,-1.05
346,346,Dessert Desperadoes,D'Onta Foreman,6.641176470588236,8.988235294117647,RB,17,-2.3470588235294114,1.0,-2.3470588235294114
347,347,Dessert Desperadoes,Rachaad White,8.874999999999998,7.599375,RB,16,1.275624999999998,0.9411764705882353,1.2005882352941157
348,348,Dessert Desperadoes,Jimmy Garoppolo,13.28,15.24,QB,1,-1.9600000000000009,0.058823529411764705,-0.11529411764705887
349,349,Dessert Desperadoes,Graham Gano,7.0,6.906666666666667,K,15,0.0933333333333328,0.8823529411764706,0.08235294117647012
350,350,Dessert Desperadoes,Marlon Mack,0.0,2.2,RB,3,-2.2,0.17647058823529413,-0.3882352941176471
351,351,Dessert Desperadoes,Geno Smith,15.537142857142856,15.833571428571428,QB,14,-0.2964285714285726,0.8235294117647058,-0.24411764705882447
352,352,Dessert Desperadoes,Bears D/ST,5.0,6.15,D/ST,1,-1.1500000000000004,0.058823529411764705,-0.06764705882352944
353,353,Dessert Desperadoes,Younghoe Koo,4.9,7.017,K,10,-2.117,0.5882352941176471,-1.2452941176470589
354,354,Dessert Desperadoes,Nick Folk,10.5,3.545,K,2,6.955,0.11764705882352941,0.8182352941176471
355,355,Dessert Desperadoes,Kadarius Toney,1.6,7.37,WR,2,-5.77,0.11764705882352941,-0.6788235294117646
356,356,Dessert Desperadoes,Saints D/ST,4.0,3.75,D/ST,1,0.25,0.058823529411764705,0.014705882352941176
357,357,Dessert Desperadoes,James Cook,3.8,6.74,RB,1,-2.9400000000000004,0.058823529411764705,-0.17294117647058826
358,358,Dessert Desperadoes,Michael Gallup,6.0,10.43,WR,2,-4.43,0.11764705882352941,-0.5211764705882352
359,359,Dessert Desperadoes,Chigoziem Okonkwo,5.8,6.826666666666667,TE,3,-1.0266666666666673,0.17647058823529413,-0.1811764705882354
360,360,Sunday Funday,Cooper Kupp,8.823529411764707,7.405882352941177,WR,17,1.4176470588235297,1.0,1.4176470588235297
361,361,Sunday Funday,CeeDee Lamb,15.105882352941174,13.738823529411764,WR,17,1.36705882352941,1.0,1.36705882352941
362,362,Sunday Funday,Javonte Williams,2.176470588235294,3.595294117647059,RB,17,-1.4188235294117653,1.0,-1.4188235294117653
363,363,Sunday Funday,Kyle Pitts,3.941176470588236,6.157647058823529,TE,17,-2.216470588235293,1.0,-2.216470588235293
364,364,Sunday Funday,Clyde Edwards-Helaire,5.141176470588237,5.438823529411765,RB,17,-0.2976470588235287,1.0,-0.2976470588235287
365,365,Sunday Funday,Tom Brady,12.868235294117648,14.934705882352938,QB,17,-2.0664705882352905,1.0,-2.0664705882352905
366,366,Sunday Funday,JuJu Smith-Schuster,11.652941176470588,11.075882352941177,WR,17,0.577058823529411,1.0,0.577058823529411
367,367,Sunday Funday,Hunter Renfrow,6.766666666666667,7.951111111111111,WR,9,-1.1844444444444449,0.5294117647058824,-0.627058823529412
368,368,Sunday Funday,Patriots D/ST,11.529411764705882,6.025882352941176,D/ST,17,5.503529411764706,1.0,5.503529411764706
369,369,Sunday Funday,Matt Gay,6.333333333333333,6.108333333333333,K,12,0.2249999999999996,0.7058823529411765,0.15882352941176442
370,370,Sunday Funday,Kenneth Walker III,12.164705882352942,9.418823529411766,RB,17,2.7458823529411767,1.0,2.7458823529411767
371,371,Sunday Funday,Russell Gage,11.33,8.742,WR,10,2.587999999999999,0.5882352941176471,1.5223529411764702
372,372,Sunday Funday,Mike Gesicki,3.647058823529412,5.213529411764705,TE,17,-1.5664705882352936,1.0,-1.5664705882352936
373,373,Sunday Funday,Jerick McKinnon,10.858823529411763,8.598235294117648,RB,17,2.260588235294117,1.0,2.260588235294117
374,374,Sunday Funday,Joshua Palmer,11.952941176470588,9.56470588235294,WR,17,2.3882352941176457,1.0,2.3882352941176457
375,375,Sunday Funday,Carson Wentz,16.296,17.459999999999997,QB,5,-1.163999999999998,0.29411764705882354,-0.34235294117646997
376,376,Sunday Funday,Tyler Conklin,6.18,8.242,TE,5,-2.062000000000001,0.29411764705882354,-0.6064705882352944
377,377,Sunday Funday,Matt Ryan,9.92,15.75,QB,1,-5.83,0.058823529411764705,-0.34294117647058825
378,378,Sunday Funday,Ka'imi Fairbairn,6.545454545454546,6.893636363636364,K,11,-0.3481818181818177,0.6470588235294118,-0.22529411764705853
379,379,Sunday Funday,Keaontay Ingram,0.56,3.55,RB,10,-2.99,0.5882352941176471,-1.758823529411765
380,380,Sunday Funday,Raiders D/ST,6.666666666666667,5.316666666666666,D/ST,3,1.3500000000000003,0.17647058823529413,0.23823529411764713
381,381,Sunday Funday,Colt McCoy,4.88,9.673333333333334,QB,3,-4.793333333333334,0.17647058823529413,-0.8458823529411766
382,382,JTT 4EVR,Jonathan Taylor,8.070588235294117,15.45058823529412,RB,17,-7.380000000000003,1.0,-7.380000000000003
383,383,JTT 4EVR,Tyreek Hill,22.323529411764707,20.185294117647057,WR,17,2.138235294117649,1.0,2.138235294117649
384,384,JTT 4EVR,Mike Evans,12.900000000000002,12.05294117647059,WR,17,0.8470588235294123,1.0,0.8470588235294123
385,385,JTT 4EVR,J.K. Dobbins,6.882352941176471,7.0211764705882365,RB,17,-0.1388235294117654,1.0,-0.1388235294117654
386,386,JTT 4EVR,Lamar Jackson,14.827058823529413,16.764705882352942,QB,17,-1.9376470588235293,1.0,-1.9376470588235293
387,387,JTT 4EVR,Dalton Schultz,4.658823529411764,5.944117647058823,TE,17,-1.2852941176470587,1.0,-1.2852941176470587
388,388,JTT 4EVR,Marquise Brown,11.38823529411765,9.553529411764703,WR,17,1.8347058823529456,1.0,1.8347058823529456
389,389,JTT 4EVR,Buccaneers D/ST,3.8461538461538463,5.15923076923077,D/ST,13,-1.3130769230769237,0.7647058823529411,-1.004117647058824
390,390,JTT 4EVR,Dameon Pierce,12.32941176470588,10.036470588235296,RB,17,2.2929411764705865,1.0,2.2929411764705865
391,391,JTT 4EVR,Tyler Boyd,11.574117647058824,7.282941176470588,WR,17,4.291176470588236,1.0,4.291176470588236
392,392,JTT 4EVR,Jarvis Landry,2.758823529411765,6.551176470588236,WR,17,-3.792352941176471,1.0,-3.792352941176471
393,393,JTT 4EVR,Tyler Bass,7.9411764705882355,7.748823529411766,K,17,0.1923529411764697,1.0,0.1923529411764697
394,394,JTT 4EVR,Jamaal Williams,14.141176470588237,9.043529411764707,RB,17,5.097647058823528,1.0,5.097647058823528
395,395,JTT 4EVR,Trevor Lawrence,15.535,16.7375,QB,4,-1.2025000000000006,0.23529411764705882,-0.28294117647058836
396,396,JTT 4EVR,Tyler Higbee,9.241176470588234,10.51705882352941,TE,17,-1.275882352941176,1.0,-1.275882352941176
397,397,JTT 4EVR,Rondale Moore,7.494117647058824,5.960588235294118,WR,17,1.5335294117647065,1.0,1.5335294117647065
398,398,JTT 4EVR,Deon Jackson,8.791666666666664,4.053333333333334,RB,12,4.738333333333331,0.7058823529411765,3.3447058823529394
399,399,JTT 4EVR,Jets D/ST,3.142857142857143,5.851428571428571,D/ST,7,-2.7085714285714286,0.4117647058823529,-1.1152941176470588
400,400,JTT 4EVR,Andy Dalton,7.06,15.54,QB,1,-8.48,0.058823529411764705,-0.4988235294117647
401,401,JTT 4EVR,Chris Boswell,6.333333333333333,5.343333333333334,K,3,0.9899999999999992,0.17647058823529413,0.17470588235294104
402,402,JTT 4EVR,Tyler Huntley,5.02,16.35,QB,4,-11.330000000000002,0.23529411764705882,-2.665882352941177
