,Team,Player,Average Scored Points,Average Projected Points,Position,Length of Ownership,Residual
0,RightInThe McManus,Dalvin Cook,11.511764705882351,15.193529411764704,RB,17,-3.681764705882353
1,RightInThe McManus,Travis Kelce,21.747058823529414,17.282941176470587,TE,17,4.464117647058828
2,RightInThe McManus,Terry McLaurin,11.676470588235293,12.290000000000001,WR,17,-0.6135294117647074
3,RightInThe McManus,Brandin Cooks,7.270588235294118,9.371176470588235,WR,17,-2.1005882352941176
4,RightInThe McManus,Devin Singletary,10.464705882352941,10.323529411764708,RB,17,0.14117647058823302
5,RightInThe McManus,Amari Cooper,14.035294117647059,11.345882352941176,WR,17,2.6894117647058824
6,RightInThe McManus,Russell Wilson,7.836923076923076,11.918461538461536,QB,13,-4.081538461538459
7,RightInThe McManus,Rashaad Penny,7.720000000000001,11.586,RB,5,-3.8659999999999997
8,RightInThe McManus,Ravens D/ST,9.705882352941176,5.467647058823529,D/ST,17,4.238235294117647
9,RightInThe McManus,Matthew Stafford,9.248,17.208000000000002,QB,5,-7.960000000000003
10,RightInThe McManus,Skyy Moore,1.0,3.4299999999999997,WR,4,-2.4299999999999997
11,RightInThe McManus,Brandon McManus,6.0588235294117645,6.84,K,17,-0.7811764705882354
12,RightInThe McManus,Treylon Burks,5.582352941176471,4.6911764705882355,WR,17,0.8911764705882357
13,RightInThe McManus,Khalil Herbert,7.3470588235294105,4.694705882352942,RB,17,2.652352941176469
14,RightInThe McManus,Tua Tagovailoa,11.767058823529412,14.408235294117649,QB,17,-2.6411764705882366
15,RightInThe McManus,Isiah Pacheco,6.514285714285713,6.161428571428571,RB,7,0.3528571428571423
16,RightInThe McManus,Irv Smith Jr.,10.7,7.73,TE,1,2.969999999999999
17,RightInThe McManus,Tyler Allgeier,9.022222222222222,7.403333333333332,RB,9,1.6188888888888897
18,RightInThe McManus,Mack Hollins,6.1,9.99,WR,4,-3.8900000000000006
19,RightInThe McManus,Daniel Jones,18.01,13.645000000000001,QB,12,4.365
20,RightInThe McManus,Devin Duvernay,2.716666666666667,7.55,WR,12,-4.833333333333333
21,RightInThe McManus,Panthers D/ST,-0.5,4.355,D/ST,4,-4.855
22,RightInThe McManus,Joey Slye,5.333333333333333,5.033333333333334,K,9,0.29999999999999893
23,RightInThe McManus,Saints D/ST,4.25,3.7199999999999998,D/ST,8,0.5300000000000002
24,RightInThe McManus,Travis Homer,2.7,7.535,RB,4,-4.835
25,Hot Chubb Time  Machine 2,Matthew Stafford,10.32,14.8,QB,1,-4.48
26,Hot Chubb Time  Machine 2,Isiah Pacheco,8.24,7.112,RB,10,1.1280000000000001
27,Hot Chubb Time  Machine 2,Alexander Mattison,3.0777777777777784,3.9577777777777783,RB,9,-0.8799999999999999
28,Hot Chubb Time  Machine 2,Elijah Moore,3.3000000000000003,10.596666666666666,WR,3,-7.296666666666665
29,Hot Chubb Time  Machine 2,Irv Smith Jr.,0.0,9.02,TE,1,-9.02
30,Hot Chubb Time  Machine 2,Damien Williams,0.05714285714285715,2.46,RB,7,-2.402857142857143
31,Hot Chubb Time  Machine 2,Derek Carr,10.706666666666665,16.563333333333333,QB,3,-5.856666666666667
32,Hot Chubb Time  Machine 2,Hunter Henry,4.0,9.11,TE,1,-5.109999999999999
33,Hot Chubb Time  Machine 2,Justin Fields,15.037777777777778,9.115555555555554,QB,9,5.922222222222224
34,Hot Chubb Time  Machine 2,Justin Jefferson,18.367058823529412,16.0,WR,17,2.367058823529412
35,Hot Chubb Time  Machine 2,Aaron Jones,17.094117647058823,13.507647058823526,RB,17,3.586470588235297
36,Hot Chubb Time  Machine 2,Nick Chubb,17.988235294117644,14.271764705882354,RB,17,3.716470588235289
37,Hot Chubb Time  Machine 2,Travis Etienne Jr.,10.882352941176473,11.566470588235294,RB,17,-0.6841176470588213
38,Hot Chubb Time  Machine 2,Courtland Sutton,9.71764705882353,10.69764705882353,WR,17,-0.9800000000000004
39,Hot Chubb Time  Machine 2,Darnell Mooney,7.750000000000001,10.315,WR,12,-2.5649999999999986
40,Hot Chubb Time  Machine 2,Chase Edmonds,1.9714285714285713,8.157142857142857,RB,7,-6.185714285714285
41,Hot Chubb Time  Machine 2,Trey Lance,2.5,17.98,QB,2,-15.48
42,Hot Chubb Time  Machine 2,Brandon Aiyuk,11.076470588235296,9.878235294117648,WR,17,1.198235294117648
43,Hot Chubb Time  Machine 2,George Pickens,10.982352941176472,8.583529411764706,WR,17,2.398823529411766
44,Hot Chubb Time  Machine 2,Darrell Henderson Jr.,5.699999999999999,7.188750000000001,RB,8,-1.4887500000000014
45,Hot Chubb Time  Machine 2,Kenneth Gainwell,2.8,6.89,RB,4,-4.09
46,Hot Chubb Time  Machine 2,Ryan Succop,6.333333333333333,6.528333333333333,K,12,-0.19500000000000028
47,Hot Chubb Time  Machine 2,Broncos D/ST,7.0,7.25,D/ST,2,-0.25
48,Hot Chubb Time  Machine 2,Gerald Everett,6.922222222222223,8.755555555555556,TE,9,-1.833333333333333
49,Hot Chubb Time  Machine 2,Wan'Dale Robinson,5.5,3.37,WR,4,2.13
50,Hot Chubb Time  Machine 2,Isaiah McKenzie,2.9,11.91,WR,1,-9.01
51,Hot Chubb Time  Machine 2,Jaylen Warren,2.2,4.864999999999999,RB,4,-2.664999999999999
52,Hot Chubb Time  Machine 2,Romeo Doubs,21.3,8.92,WR,1,12.38
53,Hot Chubb Time  Machine 2,Jared Goff,18.360000000000003,15.293333333333331,QB,3,3.0666666666666718
54,Hot Chubb Time  Machine 2,Gus Edwards,3.0666666666666664,2.5866666666666664,RB,3,0.48
55,Hot Chubb Time  Machine 2,Eagles D/ST,6.2,5.738666666666666,D/ST,15,0.46133333333333404
56,Hot Chubb Time  Machine 2,Josh Reynolds,15.2,11.6,WR,2,3.5999999999999996
57,Hot Chubb Time  Machine 2,Jets D/ST,6.0,6.85,D/ST,1,-0.8499999999999996
58,Hot Chubb Time  Machine 2,Jason Myers,12.0,7.775,K,2,4.225
59,Hot Chubb Time  Machine 2,Isaiah Likely,9.4,10.02,TE,1,-0.6199999999999992
60,Hot Chubb Time  Machine 2,Kadarius Toney,0.0,3.5766666666666667,WR,3,-3.5766666666666667
61,Hot Chubb Time  Machine 2,Cameron Dicker,12.0,7.25,K,3,4.75
62,Hot Chubb Time  Machine 2,Greg Dulcich,5.5875,8.54875,TE,8,-2.9612499999999997
63,Hot Chubb Time  Machine 2,Christian Watson,15.028571428571428,7.579999999999999,WR,7,7.448571428571429
64,Hot Chubb Time  Machine 2,James Cook,2.5,8.73,RB,1,-6.23
65,Hot Chubb Time  Machine 2,Taylor Heinicke,11.42,15.2,QB,1,-3.7799999999999994
66,Hot Chubb Time  Machine 2,Cole Kmet,13.2,8.78,TE,1,4.42
67,Hot Chubb Time  Machine 2,Michael Gallup,6.0,10.43,WR,1,-4.43
68,3 PP Wine,Christian McCaffrey,15.417647058823531,16.516470588235293,RB,17,-1.0988235294117619
69,3 PP Wine,James Conner,11.658823529411764,13.200588235294118,RB,17,-1.541764705882354
70,3 PP Wine,Keenan Allen,6.188235294117647,7.288823529411765,WR,17,-1.1005882352941176
71,3 PP Wine,Josh Allen,23.227058823529408,21.22176470588235,QB,17,2.0052941176470576
72,3 PP Wine,George Kittle,7.917647058823529,6.911764705882353,TE,17,1.0058823529411756
73,3 PP Wine,Michael Thomas,10.3,6.345,WR,8,3.955000000000001
74,3 PP Wine,Miles Sanders,15.817647058823528,11.36941176470588,RB,17,4.448235294117648
75,3 PP Wine,Drake London,7.705882352941177,10.861176470588234,WR,17,-3.155294117647057
76,3 PP Wine,Allen Lazard,10.08235294117647,10.047058823529412,WR,17,0.0352941176470587
77,3 PP Wine,Packers D/ST,3.8,5.914,D/ST,5,-2.114
78,3 PP Wine,DeAndre Hopkins,9.076470588235294,8.399411764705883,WR,17,0.6770588235294106
79,3 PP Wine,Harrison Butker,10.0,8.015833333333333,K,12,1.9841666666666669
80,3 PP Wine,Alexander Mattison,3.4750000000000005,3.90625,RB,8,-0.43124999999999947
81,3 PP Wine,David Njoku,1.7,7.96,TE,1,-6.26
82,3 PP Wine,Jameis Winston,14.65,15.9,QB,2,-1.25
83,3 PP Wine,Jameson Williams,0.6529411764705882,0.3141176470588235,WR,17,0.33882352941176475
84,3 PP Wine,Bengals D/ST,4.0,6.0371428571428565,D/ST,7,-2.0371428571428565
85,3 PP Wine,Jake Elliott,5.0,8.19,K,1,-3.1899999999999995
86,3 PP Wine,Taysom Hill,6.41,6.84,TE,2,-0.4299999999999997
87,3 PP Wine,Dustin Hopkins,8.666666666666666,7.616666666666667,K,3,1.049999999999999
88,3 PP Wine,Mark Ingram II,3.6,5.42,RB,1,-1.8199999999999998
89,3 PP Wine,Gerald Everett,7.114285714285714,8.288571428571428,TE,7,-1.1742857142857144
90,3 PP Wine,Browns D/ST,0.0,6.88,D/ST,1,-6.88
91,3 PP Wine,Jimmy Garoppolo,13.895,14.825000000000001,QB,4,-0.9300000000000015
92,3 PP Wine,Greg Dortch,1.6,10.55,WR,2,-8.950000000000001
93,3 PP Wine,Eno Benjamin,10.042857142857143,8.858571428571429,RB,7,1.1842857142857142
94,3 PP Wine,Gus Edwards,5.654545454545455,2.7536363636363634,RB,11,2.9009090909090918
95,3 PP Wine,Mike Boone,11.5,7.92,RB,2,3.58
96,3 PP Wine,Matthew Wright,7.0,7.87,K,1,-0.8700000000000001
97,3 PP Wine,Tyler Conklin,7.4,6.8,TE,1,0.6000000000000005
98,3 PP Wine,Jets D/ST,4.0,5.9,D/ST,1,-1.9000000000000004
99,3 PP Wine,Matt Ryan,9.92,15.75,QB,1,-5.83
100,3 PP Wine,Kadarius Toney,0.64,2.948,WR,5,-2.308
101,3 PP Wine,Vikings D/ST,8.0,5.51,D/ST,1,2.49
102,3 PP Wine,Dontrell Hilliard,1.8,6.69,RB,1,-4.890000000000001
103,3 PP Wine,Raiders D/ST,7.0,5.385,D/ST,2,1.6150000000000002
104,3 PP Wine,Odell Beckham Jr.,0.0,0.0,WR,8,0.0
105,3 PP Wine,Titans D/ST,6.0,5.13,D/ST,2,0.8700000000000001
106,3 PP Wine,James Cook,3.1500000000000004,7.735000000000001,RB,4,-4.585000000000001
107,3 PP Wine,Chiefs D/ST,8.0,6.77,D/ST,1,1.2300000000000004
108,Dakcidental  Thumblers ,Packers D/ST,5.5,5.665,D/ST,2,-0.16500000000000004
109,Dakcidental  Thumblers ,Elijah Moore,2.8333333333333335,10.096666666666666,WR,3,-7.263333333333332
110,Dakcidental  Thumblers ,Ja'Marr Chase,14.511764705882355,14.185294117647057,WR,17,0.3264705882352974
111,Dakcidental  Thumblers ,Mark Andrews,9.788235294117646,12.698823529411767,TE,17,-2.910588235294121
112,Dakcidental  Thumblers ,Cam Akers,0.6916666666666668,6.040833333333333,RB,12,-5.349166666666666
113,Dakcidental  Thumblers ,David Montgomery,9.564705882352941,12.214117647058824,RB,17,-2.6494117647058832
114,Dakcidental  Thumblers ,Jerry Jeudy,12.729411764705883,12.337058823529413,WR,17,0.3923529411764708
115,Dakcidental  Thumblers ,Dak Prescott,12.083529411764705,12.673529411764706,QB,17,-0.5900000000000016
116,Dakcidental  Thumblers ,Rashod Bateman,4.65,8.855,WR,8,-4.205
117,Dakcidental  Thumblers ,Tony Pollard,12.941176470588236,11.212941176470588,RB,17,1.7282352941176473
118,Dakcidental  Thumblers ,Tyler Lockett,11.658823529411766,13.38941176470588,WR,17,-1.730588235294114
119,Dakcidental  Thumblers ,Garrett Wilson,9.647058823529411,10.486470588235292,WR,17,-0.839411764705881
120,Dakcidental  Thumblers ,Michael Carter,6.211764705882352,8.631176470588237,RB,17,-2.4194117647058846
121,Dakcidental  Thumblers ,Hunter Henry,3.72,7.162000000000001,TE,5,-3.4420000000000006
122,Dakcidental  Thumblers ,Colts D/ST,5.117647058823529,5.481764705882353,D/ST,17,-0.36411764705882366
123,Dakcidental  Thumblers ,Justin Fields,28.18,15.04,QB,2,13.14
124,Dakcidental  Thumblers ,Matt Prater,4.5,7.87,K,4,-3.37
125,Dakcidental  Thumblers ,Nico Collins,5.470588235294118,4.88470588235294,WR,17,0.5858823529411774
126,Dakcidental  Thumblers ,Cade York,7.5,7.602500000000001,K,4,-0.10250000000000092
127,Dakcidental  Thumblers ,Trevor Lawrence,13.97777777777778,17.203333333333333,QB,9,-3.2255555555555535
128,Dakcidental  Thumblers ,Ryan Tannehill,13.153333333333334,15.083333333333334,QB,3,-1.9299999999999997
129,Dakcidental  Thumblers ,Matthew Wright,7.0,7.87,K,1,-0.8700000000000001
130,Dakcidental  Thumblers ,Zach Wilson,12.433333333333332,14.700000000000001,QB,3,-2.2666666666666693
131,Dakcidental  Thumblers ,Robert Tonyan,5.977777777777778,6.941111111111112,TE,9,-0.9633333333333338
132,Dakcidental  Thumblers ,Chris Boswell,6.333333333333333,5.343333333333334,K,3,0.9899999999999993
133,Dakcidental  Thumblers ,Cairo Santos,6.4,8.175999999999998,K,5,-1.775999999999998
134,Dakcidental  Thumblers ,Terrace Marshall Jr.,4.344444444444444,6.023333333333333,WR,9,-1.6788888888888893
135,Dakcidental  Thumblers ,Seahawks D/ST,6.4,5.177999999999999,D/ST,5,1.2220000000000013
136,Country Road Take Mahomes ,Packers D/ST,3.0,6.3,D/ST,1,-3.3
137,Country Road Take Mahomes ,Dolphins D/ST,8.0,5.027777777777778,D/ST,9,2.9722222222222223
138,Country Road Take Mahomes ,Irv Smith Jr.,10.7,7.73,TE,1,2.969999999999999
139,Country Road Take Mahomes ,Evan Engram,9.763636363636364,8.94909090909091,TE,11,0.8145454545454545
140,Country Road Take Mahomes ,Allen Robinson II,8.64,8.442,WR,5,0.1980000000000004
141,Country Road Take Mahomes ,Dawson Knox,12.8,7.92,TE,1,4.880000000000001
142,Country Road Take Mahomes ,Steelers D/ST,7.25,5.6625,D/ST,4,1.5875000000000004
143,Country Road Take Mahomes ,D'Andre Swift,12.641176470588235,12.147647058823528,RB,17,0.49352941176470644
144,Country Road Take Mahomes ,Stefon Diggs,21.976470588235294,18.339411764705883,WR,17,3.6370588235294115
145,Country Road Take Mahomes ,Patrick Mahomes,19.163529411764703,19.73411764705882,QB,17,-0.5705882352941174
146,Country Road Take Mahomes ,DK Metcalf,12.676470588235292,14.748823529411764,WR,17,-2.0723529411764723
147,Country Road Take Mahomes ,Kareem Hunt,6.35294117647059,9.49705882352941,RB,17,-3.1441176470588212
148,Country Road Take Mahomes ,Darren Waller,6.670588235294118,5.799411764705883,TE,17,0.8711764705882352
149,Country Road Take Mahomes ,Antonio Gibson,10.111764705882353,10.342941176470587,RB,17,-0.23117647058823465
150,Country Road Take Mahomes ,DeVonta Smith,19.176470588235297,12.483529411764707,WR,17,6.69294117647059
151,Country Road Take Mahomes ,Evan McPherson,6.75,7.9399999999999995,K,16,-1.1899999999999995
152,Country Road Take Mahomes ,Jahan Dotson,8.528571428571428,6.557142857142857,WR,7,1.9714285714285715
153,Country Road Take Mahomes ,Brian Robinson Jr.,6.6117647058823525,6.9411764705882355,RB,17,-0.32941176470588296
154,Country Road Take Mahomes ,Mac Jones,13.983999999999998,14.66,QB,5,-0.6760000000000019
155,Country Road Take Mahomes ,Robbie Anderson,2.64,10.373999999999999,WR,5,-7.733999999999998
156,Country Road Take Mahomes ,Raheem Mostert,9.488235294117647,10.16705882352941,RB,17,-0.6788235294117637
157,Country Road Take Mahomes ,Hayden Hurst,6.633333333333333,7.973333333333333,TE,3,-1.3399999999999999
158,Country Road Take Mahomes ,Browns D/ST,4.0,6.8359999999999985,D/ST,5,-2.8359999999999985
159,Country Road Take Mahomes ,Rams D/ST,5.833333333333333,6.169999999999999,D/ST,12,-0.336666666666666
160,Country Road Take Mahomes ,Jared Goff,13.354,12.940000000000001,QB,10,0.4139999999999979
161,Country Road Take Mahomes ,Josh Reynolds,15.2,11.6,WR,1,3.5999999999999996
162,Country Road Take Mahomes ,Jaguars D/ST,1.0,7.535,D/ST,2,-6.535
163,Country Road Take Mahomes ,Ben Skowronek,16.7,6.51,WR,1,10.19
164,Country Road Take Mahomes ,Chuba Hubbard,5.85,6.965,RB,4,-1.1150000000000002
165,Country Road Take Mahomes ,Cameron Dicker,12.0,7.25,K,1,4.75
166,Country Road Take Mahomes ,Saints D/ST,4.0,6.36,D/ST,1,-2.3600000000000003
167,Country Road Take Mahomes ,Foster Moreau,4.2,8.6,TE,3,-4.3999999999999995
168,Country Road Take Mahomes ,Juwan Johnson,11.2,8.08,TE,1,3.119999999999999
169,Trash Trash,David Njoku,3.342857142857142,5.395714285714285,TE,14,-2.052857142857143
170,Trash Trash,Evan Engram,12.9,6.65,TE,1,6.25
171,Trash Trash,Rex Burkhead,1.2,7.71,RB,1,-6.51
172,Trash Trash,Taysom Hill,5.531999999999999,6.82,TE,5,-1.2880000000000011
173,Trash Trash,Broncos D/ST,-4.0,8.02,D/ST,2,-12.02
174,Trash Trash,Najee Harris,12.436470588235293,13.147647058823527,RB,17,-0.7111764705882333
175,Trash Trash,Saquon Barkley,18.95882352941177,20.05294117647059,RB,17,-1.0941176470588196
176,Trash Trash,Tee Higgins,11.682352941176472,12.965882352941176,WR,17,-1.2835294117647038
177,Trash Trash,Mike Williams,9.752941176470586,9.155882352941177,WR,17,0.5970588235294088
178,Trash Trash,Elijah Mitchell,0.0,0.0,RB,14,0.0
179,Trash Trash,Allen Robinson II,8.64,8.442,WR,5,0.1980000000000004
180,Trash Trash,Adam Thielen,8.799999999999997,11.547647058823529,WR,17,-2.7476470588235316
181,Trash Trash,Aaron Rodgers,14.8,16.298235294117646,QB,17,-1.4982352941176451
182,Trash Trash,Dawson Knox,9.933333333333332,8.533333333333333,TE,3,1.3999999999999986
183,Trash Trash,Chase Claypool,10.867999999999999,9.928,WR,10,0.9399999999999977
184,Trash Trash,Nyheim Hines,4.516666666666667,6.4750000000000005,RB,6,-1.958333333333334
185,Trash Trash,Julio Jones,0.0,0.0,WR,5,0.0
186,Trash Trash,Jeff Wilson Jr.,8.90625,9.273125,RB,16,-0.3668750000000003
187,Trash Trash,Jaylen Warren,1.9,6.76,RB,2,-4.859999999999999
188,Trash Trash,Marcus Mariota,16.846666666666668,15.653333333333334,QB,3,1.1933333333333334
189,Trash Trash,Steelers D/ST,5.0,6.68,D/ST,1,-1.6799999999999997
190,Trash Trash,Cade York,12.0,7.47,K,1,4.53
191,Trash Trash,Mecole Hardman,1.2,11.25,WR,1,-10.05
192,Trash Trash,Buccaneers D/ST,-1.0,3.0,D/ST,1,-4.0
193,Trash Trash,Trevor Lawrence,16.36,18.47,QB,1,-2.1099999999999994
194,Trash Trash,Ryan Tannehill,14.38,15.1,QB,1,-0.7199999999999989
195,Trash Trash,Jared Goff,25.7,15.47,QB,1,10.229999999999999
196,Trash Trash,Younghoe Koo,6.666666666666667,5.17,K,3,1.496666666666667
197,Trash Trash,Jaguars D/ST,5.75,6.9575,D/ST,4,-1.2074999999999996
198,Trash Trash,Latavius Murray,9.76923076923077,8.679230769230768,RB,13,1.0900000000000016
199,Trash Trash,Alec Pierce,10.966666666666667,8.4,WR,3,2.5666666666666664
200,Trash Trash,Brett Maher,8.818181818181818,7.604545454545455,K,11,1.213636363636363
201,Trash Trash,Commanders D/ST,5.333333333333333,4.9433333333333325,D/ST,3,0.39000000000000057
202,Trash Trash,Chuba Hubbard,5.85,6.965,RB,4,-1.1150000000000002
203,Trash Trash,Andy Dalton,12.11,15.86,QB,2,-3.75
204,Trash Trash,Donovan Peoples-Jones,10.56,9.484,WR,10,1.0760000000000005
205,Trash Trash,Jacoby Brissett,8.24,7.725,QB,4,0.5150000000000006
206,Trash Trash,Cardinals D/ST,10.0,6.14,D/ST,1,3.8600000000000003
207,Trash Trash,Deshaun Watson,9.855,12.403749999999999,QB,8,-2.5487499999999983
208,Trash Trash,Kenyan Drake,0.0,0.0,RB,1,0.0
209,Trash Trash,Chiefs D/ST,6.5,7.1899999999999995,D/ST,2,-0.6899999999999995
210,Trash Trash,Cole Kmet,9.957142857142857,9.037142857142857,TE,7,0.9199999999999999
211,Trash Trash,Colin Kaepernick,0.0,0.0,QB,2,0.0
212,Trash Trash,Seahawks D/ST,16.0,4.33,D/ST,1,11.67
213,Trash Trash,Michael Gallup,6.0,10.43,WR,1,-4.43
214,Trash Trash,Zack Moss,7.7,11.605,RB,2,-3.9050000000000002
215,Trash Trash,Nick Foles,-0.28,13.12,QB,1,-13.399999999999999
216,Trash Trash,Chargers D/ST,10.0,6.1,D/ST,1,3.9000000000000004
217,Trash Trash,Gardner Minshew,12.96,17.26,QB,1,-4.300000000000001
218,Corduroy Patterson,Bengals D/ST,11.0,6.23,D/ST,1,4.77
219,Corduroy Patterson,Alvin Kamara,15.511764705882353,18.13529411764706,RB,17,-2.623529411764707
220,Corduroy Patterson,Davante Adams,20.47647058823529,16.72470588235294,WR,17,3.7517647058823513
221,Corduroy Patterson,Breece Hall,11.717647058823527,7.500588235294117,RB,17,4.21705882352941
222,Corduroy Patterson,Diontae Johnson,11.558823529411764,13.181764705882351,WR,17,-1.6229411764705866
223,Corduroy Patterson,Kyler Murray,13.50470588235294,15.151176470588235,QB,17,-1.6464705882352941
224,Corduroy Patterson,Cordarrelle Patterson,8.982352941176472,6.816470588235293,RB,17,2.1658823529411793
225,Corduroy Patterson,Rhamondre Stevenson,14.9,11.97294117647059,RB,17,2.9270588235294106
226,Corduroy Patterson,Dallas Goedert,10.914285714285713,10.210714285714285,TE,14,0.7035714285714274
227,Corduroy Patterson,Robert Woods,6.428571428571429,9.668571428571427,WR,7,-3.2399999999999984
228,Corduroy Patterson,DJ Chark,9.120000000000001,8.108,WR,5,1.0120000000000005
229,Corduroy Patterson,Marquez Valdes-Scantling,11.1,10.19,WR,2,0.9100000000000001
230,Corduroy Patterson,49ers D/ST,9.411764705882353,6.513529411764705,D/ST,17,2.898235294117648
231,Corduroy Patterson,Kirk Cousins,18.436470588235295,16.300588235294118,QB,17,2.1358823529411772
232,Corduroy Patterson,Evan Engram,6.8,8.23,TE,1,-1.4300000000000006
233,Corduroy Patterson,Greg Joseph,5.833333333333333,8.151666666666666,K,6,-2.3183333333333325
234,Corduroy Patterson,Damien Williams,0.2,8.61,RB,1,-8.41
235,Corduroy Patterson,Derek Carr,8.97,8.85,QB,2,0.120000000000001
236,Corduroy Patterson,Noah Fant,7.983333333333333,7.465,TE,6,0.5183333333333335
237,Corduroy Patterson,Cam Akers,0.875,6.3774999999999995,RB,4,-5.5024999999999995
238,Corduroy Patterson,Taysom Hill,5.531999999999999,6.82,TE,5,-1.2880000000000011
239,Corduroy Patterson,Mark Ingram II,5.15,4.64,RB,2,0.5100000000000007
240,Corduroy Patterson,Darrell Henderson Jr.,6.349999999999999,7.060000000000001,RB,6,-0.7100000000000026
241,Corduroy Patterson,Isaiah McKenzie,9.4,8.55,WR,1,0.8499999999999996
242,Corduroy Patterson,Dawson Knox,14.1,7.14,TE,1,6.96
243,Corduroy Patterson,Nyheim Hines,4.971428571428571,6.915714285714286,RB,7,-1.9442857142857157
244,Corduroy Patterson,Cade York,9.5,7.49,K,2,2.01
245,Corduroy Patterson,Robbie Anderson,3.3,10.93,WR,2,-7.63
246,Corduroy Patterson,Nelson Agholor,4.1,11.01,WR,1,-6.91
247,Corduroy Patterson,Mecole Hardman,0.0,0.0,WR,1,0.0
248,Corduroy Patterson,Romeo Doubs,8.975,8.14875,WR,8,0.8262499999999999
249,Corduroy Patterson,Greg Dortch,1.6,10.55,WR,1,-8.950000000000001
250,Corduroy Patterson,Zay Jones,7.630769230769231,10.546923076923077,WR,13,-2.916153846153846
251,Corduroy Patterson,Tyler Conklin,7.133333333333333,8.163333333333334,TE,3,-1.0300000000000011
252,Corduroy Patterson,Corey Davis,5.05,7.4975,WR,4,-2.4475
253,Corduroy Patterson,Robert Tonyan,1.9,7.6499999999999995,TE,2,-5.75
254,Corduroy Patterson,Nick Folk,8.454545454545455,4.765454545454546,K,11,3.6890909090909094
255,Corduroy Patterson,Parris Campbell,13.52,10.141000000000002,WR,10,3.378999999999998
256,Corduroy Patterson,Kenyan Drake,6.6,3.64,RB,1,2.9599999999999995
257,Corduroy Patterson,Chiefs D/ST,8.0,6.77,D/ST,1,1.2300000000000004
258,Deshaunorable Discharge,Bengals D/ST,3.0,7.58,D/ST,2,-4.58
259,Deshaunorable Discharge,Joe Mixon,17.411764705882355,15.653529411764707,RB,17,1.7582352941176485
260,Deshaunorable Discharge,Leonard Fournette,9.758823529411766,11.025882352941176,RB,17,-1.2670588235294105
261,Deshaunorable Discharge,A.J. Brown,14.829411764705881,14.181176470588237,WR,17,0.6482352941176437
262,Deshaunorable Discharge,Jaylen Waddle,11.935294117647059,13.355882352941178,WR,17,-1.4205882352941188
263,Deshaunorable Discharge,Damien Harris,4.947058823529411,6.297058823529412,RB,17,-1.3500000000000005
264,Deshaunorable Discharge,Gabe Davis,7.370588235294116,10.84235294117647,WR,17,-3.4717647058823538
265,Deshaunorable Discharge,Joe Burrow,21.42235294117647,19.655882352941177,QB,17,1.7664705882352933
266,Deshaunorable Discharge,Zach Ertz,9.981818181818182,8.82909090909091,TE,11,1.1527272727272724
267,Deshaunorable Discharge,Elijah Moore,5.659999999999999,11.174,WR,5,-5.514
268,Deshaunorable Discharge,James Robinson,6.655555555555555,8.768888888888888,RB,9,-2.1133333333333333
269,Deshaunorable Discharge,Daniel Carlson,10.125,8.285,K,16,1.8399999999999999
270,Deshaunorable Discharge,J.D. McKissic,6.249999999999999,9.2875,RB,8,-3.0375000000000005
271,Deshaunorable Discharge,Dolphins D/ST,12.666666666666666,5.866666666666666,D/ST,3,6.8
272,Deshaunorable Discharge,Marvin Jones Jr.,3.9,10.51,WR,4,-6.609999999999999
273,Deshaunorable Discharge,Irv Smith Jr.,0.0,9.02,TE,1,-9.02
274,Deshaunorable Discharge,Tyler Allgeier,5.5,4.323333333333333,RB,3,1.1766666666666667
275,Deshaunorable Discharge,Marquez Valdes-Scantling,8.575,9.677499999999998,WR,8,-1.1024999999999991
276,Deshaunorable Discharge,Melvin Gordon III,6.133333333333333,11.763333333333334,RB,3,-5.630000000000001
277,Deshaunorable Discharge,Derek Carr,18.98,17.64,QB,1,1.3399999999999999
278,Deshaunorable Discharge,Chase Edmonds,1.7333333333333332,7.419999999999999,RB,3,-5.686666666666666
279,Deshaunorable Discharge,Broncos D/ST,-4.0,8.02,D/ST,1,-12.02
280,Deshaunorable Discharge,Dawson Knox,12.585714285714287,8.311428571428573,TE,7,4.274285714285714
281,Deshaunorable Discharge,Steelers D/ST,5.0,6.074999999999999,D/ST,2,-1.0749999999999993
282,Deshaunorable Discharge,Mecole Hardman,0.17142857142857143,1.6071428571428572,WR,7,-1.4357142857142857
283,Deshaunorable Discharge,Curtis Samuel,9.186666666666667,9.097333333333335,WR,15,0.08933333333333238
284,Deshaunorable Discharge,Mack Hollins,7.25,10.455,WR,2,-3.205
285,Deshaunorable Discharge,Samaje Perine,6.816666666666667,8.040000000000001,RB,6,-1.2233333333333336
286,Deshaunorable Discharge,Jason Myers,10.666666666666666,7.828333333333333,K,6,2.838333333333333
287,Deshaunorable Discharge,Commanders D/ST,5.666666666666667,5.366666666666666,D/ST,3,0.3000000000000007
288,Deshaunorable Discharge,Randall Cobb,0.0,0.0,WR,2,0.0
289,Deshaunorable Discharge,Kyren Williams,4.075,6.1937500000000005,RB,8,-2.1187500000000004
290,Deshaunorable Discharge,Cardinals D/ST,7.0,5.62,D/ST,2,1.38
291,Deshaunorable Discharge,Titans D/ST,6.0,5.13,D/ST,2,0.8700000000000001
292,Deshaunorable Discharge,Darius Slayton,8.8,10.342857142857143,WR,7,-1.5428571428571427
293,Deshaunorable Discharge,Zonovan Knight,8.48,11.506,RB,5,-3.026
294,Deshaunorable Discharge,JaMycal Hasty,1.7,2.893333333333333,RB,3,-1.1933333333333331
295,Deshaunorable Discharge,Juwan Johnson,6.55,7.675,TE,2,-1.125
296,Deshaunorable Discharge,Hassan Haskins,7.3,9.92,RB,1,-2.62
297,Deshaunorable Discharge,Chargers D/ST,10.0,6.1,D/ST,1,3.9000000000000004
298,Devon Allen’s Hurdle crew,James Robinson,8.55,5.734999999999999,RB,4,2.8150000000000013
299,Devon Allen’s Hurdle crew,DJ Chark,7.599999999999999,6.756666666666667,WR,3,0.8433333333333319
300,Devon Allen’s Hurdle crew,Marquez Valdes-Scantling,6.833333333333333,9.83,WR,3,-2.996666666666667
301,Devon Allen’s Hurdle crew,Evan Engram,9.95,8.17,TE,2,1.7799999999999994
302,Devon Allen’s Hurdle crew,Derrick Henry,14.352941176470585,15.604117647058823,RB,17,-1.2511764705882378
303,Devon Allen’s Hurdle crew,Deebo Samuel,12.223529411764705,14.459999999999999,WR,17,-2.236470588235294
304,Devon Allen’s Hurdle crew,DJ Moore,10.141176470588235,11.86941176470588,WR,17,-1.7282352941176455
305,Devon Allen’s Hurdle crew,Josh Jacobs,16.158823529411766,14.240588235294116,RB,17,1.9182352941176504
306,Devon Allen’s Hurdle crew,Jalen Hurts,25.319999999999997,23.074117647058824,QB,17,2.245882352941173
307,Devon Allen’s Hurdle crew,Chris Godwin,11.452941176470588,11.575294117647058,WR,17,-0.12235294117646944
308,Devon Allen’s Hurdle crew,T.J. Hockenson,10.423529411764706,10.033529411764707,TE,17,0.3899999999999988
309,Devon Allen’s Hurdle crew,Melvin Gordon III,6.644444444444445,9.5,RB,9,-2.855555555555555
310,Devon Allen’s Hurdle crew,Justin Tucker,7.647058823529412,7.2688235294117645,K,17,0.37823529411764767
311,Devon Allen’s Hurdle crew,Chris Olave,9.935294117647057,10.590000000000002,WR,17,-0.6547058823529444
312,Devon Allen’s Hurdle crew,Cowboys D/ST,10.0,6.051764705882353,D/ST,17,3.948235294117647
313,Devon Allen’s Hurdle crew,Derek Carr,12.63,13.993333333333332,QB,6,-1.3633333333333315
314,Devon Allen’s Hurdle crew,Rex Burkhead,6.084615384615385,7.44923076923077,RB,13,-1.3646153846153846
315,Devon Allen’s Hurdle crew,Noah Fant,7.2749999999999995,7.317499999999999,TE,4,-0.04249999999999954
316,Devon Allen’s Hurdle crew,Jalen Tolbert,0.0,4.59,WR,1,-4.59
317,Devon Allen’s Hurdle crew,Jake Elliott,6.5,7.85,K,4,-1.3499999999999996
318,Devon Allen’s Hurdle crew,Isaiah McKenzie,6.0,10.246666666666666,WR,3,-4.246666666666666
319,Devon Allen’s Hurdle crew,Sterling Shepard,9.4,10.09,WR,2,-0.6899999999999995
320,Devon Allen’s Hurdle crew,Marcus Mariota,15.995,15.7225,QB,8,0.2724999999999991
321,Devon Allen’s Hurdle crew,Browns D/ST,5.0,7.115,D/ST,2,-2.115
322,Devon Allen’s Hurdle crew,Marlon Mack,0.0,2.1999999999999997,RB,3,-2.1999999999999997
323,Devon Allen’s Hurdle crew,Mike Boone,11.5,7.92,RB,1,3.58
324,Devon Allen’s Hurdle crew,Corey Davis,5.05,7.4975,WR,4,-2.4475
325,Devon Allen’s Hurdle crew,Will Dissly,3.745454545454545,5.779090909090908,TE,11,-2.0336363636363632
326,Devon Allen’s Hurdle crew,Samaje Perine,1.8,6.63,RB,2,-4.83
327,Devon Allen’s Hurdle crew,Marquise Goodwin,7.3,4.68,WR,2,2.62
328,Devon Allen’s Hurdle crew,Kenyan Drake,2.8285714285714283,1.56,RB,7,1.2685714285714282
329,Devon Allen’s Hurdle crew,Robbie Gould,10.0,7.739999999999999,K,3,2.2600000000000007
330,Devon Allen’s Hurdle crew,Saints D/ST,4.0,6.36,D/ST,1,-2.3600000000000003
331,Devon Allen’s Hurdle crew,JaMycal Hasty,1.3,2.49,RB,1,-1.1900000000000002
332,Dessert Desperadoes,Mark Ingram II,6.1,11.14,RB,1,-5.040000000000001
333,Dessert Desperadoes,Broncos D/ST,-1.0,7.51,D/ST,2,-8.51
334,Dessert Desperadoes,Hayden Hurst,6.288888888888888,6.53888888888889,TE,9,-0.2500000000000018
335,Dessert Desperadoes,Austin Ekeler,24.92941176470588,19.79764705882353,RB,17,5.13176470588235
336,Dessert Desperadoes,Ezekiel Elliott,13.24117647058823,11.458823529411767,RB,17,1.7823529411764643
337,Dessert Desperadoes,Michael Pittman Jr.,10.63529411764706,12.55235294117647,WR,17,-1.917058823529409
338,Dessert Desperadoes,Justin Herbert,17.32823529411765,19.386470588235294,QB,17,-2.058235294117644
339,Dessert Desperadoes,Amon-Ra St. Brown,11.823529411764708,15.12235294117647,WR,17,-3.298823529411761
340,Dessert Desperadoes,Bills D/ST,5.352941176470588,4.509411764705883,D/ST,17,0.8435294117647052
341,Dessert Desperadoes,AJ Dillon,7.847058823529412,8.68764705882353,RB,17,-0.840588235294117
342,Dessert Desperadoes,Christian Kirk,11.323529411764705,12.23235294117647,WR,17,-0.9088235294117659
343,Dessert Desperadoes,Pat Freiermuth,9.682352941176472,9.785882352941176,TE,17,-0.1035294117647041
344,Dessert Desperadoes,Jakobi Meyers,6.841176470588236,7.5194117647058825,WR,17,-0.6782352941176466
345,Dessert Desperadoes,Kenny Golladay,0.0,5.95,WR,3,-5.95
346,Dessert Desperadoes,D'Onta Foreman,6.641176470588236,8.988235294117647,RB,17,-2.3470588235294114
347,Dessert Desperadoes,Rachaad White,8.874999999999998,7.599375,RB,16,1.275624999999998
348,Dessert Desperadoes,Jimmy Garoppolo,13.28,15.24,QB,1,-1.9600000000000009
349,Dessert Desperadoes,Graham Gano,7.0,6.906666666666667,K,15,0.09333333333333282
350,Dessert Desperadoes,Marlon Mack,0.0,2.1999999999999997,RB,3,-2.1999999999999997
351,Dessert Desperadoes,Geno Smith,15.537142857142856,15.833571428571428,QB,14,-0.2964285714285726
352,Dessert Desperadoes,Bears D/ST,5.0,6.15,D/ST,1,-1.1500000000000004
353,Dessert Desperadoes,Younghoe Koo,4.9,7.017,K,10,-2.117
354,Dessert Desperadoes,Nick Folk,10.5,3.545,K,2,6.955
355,Dessert Desperadoes,Kadarius Toney,1.6,7.37,WR,2,-5.77
356,Dessert Desperadoes,Saints D/ST,4.0,3.75,D/ST,1,0.25
357,Dessert Desperadoes,James Cook,3.8,6.74,RB,1,-2.9400000000000004
358,Dessert Desperadoes,Michael Gallup,6.0,10.43,WR,2,-4.43
359,Dessert Desperadoes,Chigoziem Okonkwo,5.8,6.826666666666667,TE,3,-1.0266666666666673
360,Sunday Funday,Cooper Kupp,8.823529411764707,7.405882352941177,WR,17,1.4176470588235297
361,Sunday Funday,CeeDee Lamb,15.105882352941174,13.738823529411764,WR,17,1.36705882352941
362,Sunday Funday,Javonte Williams,2.176470588235294,3.595294117647059,RB,17,-1.4188235294117653
363,Sunday Funday,Kyle Pitts,3.9411764705882355,6.157647058823529,TE,17,-2.2164705882352935
364,Sunday Funday,Clyde Edwards-Helaire,5.141176470588237,5.438823529411765,RB,17,-0.2976470588235287
365,Sunday Funday,Tom Brady,12.868235294117648,14.934705882352938,QB,17,-2.0664705882352905
366,Sunday Funday,JuJu Smith-Schuster,11.652941176470588,11.075882352941177,WR,17,0.577058823529411
367,Sunday Funday,Hunter Renfrow,6.766666666666667,7.9511111111111115,WR,9,-1.1844444444444449
368,Sunday Funday,Patriots D/ST,11.529411764705882,6.025882352941176,D/ST,17,5.503529411764706
369,Sunday Funday,Matt Gay,6.333333333333333,6.108333333333333,K,12,0.22499999999999964
370,Sunday Funday,Kenneth Walker III,12.164705882352942,9.418823529411766,RB,17,2.7458823529411767
371,Sunday Funday,Russell Gage,11.33,8.742,WR,10,2.587999999999999
372,Sunday Funday,Mike Gesicki,3.6470588235294117,5.213529411764705,TE,17,-1.5664705882352936
373,Sunday Funday,Jerick McKinnon,10.858823529411765,8.598235294117648,RB,17,2.260588235294117
374,Sunday Funday,Joshua Palmer,11.952941176470587,9.564705882352941,WR,17,2.3882352941176457
375,Sunday Funday,Carson Wentz,16.296,17.459999999999997,QB,5,-1.163999999999998
376,Sunday Funday,Tyler Conklin,6.18,8.242,TE,5,-2.062000000000001
377,Sunday Funday,Matt Ryan,9.92,15.75,QB,1,-5.83
378,Sunday Funday,Ka'imi Fairbairn,6.545454545454546,6.893636363636364,K,11,-0.3481818181818177
379,Sunday Funday,Keaontay Ingram,0.56,3.55,RB,10,-2.9899999999999998
380,Sunday Funday,Raiders D/ST,6.666666666666667,5.316666666666666,D/ST,3,1.3500000000000005
381,Sunday Funday,Colt McCoy,4.88,9.673333333333334,QB,3,-4.793333333333334
382,JTT 4EVR,Jonathan Taylor,8.070588235294117,15.45058823529412,RB,17,-7.380000000000003
383,JTT 4EVR,Tyreek Hill,22.323529411764707,20.185294117647057,WR,17,2.1382352941176492
384,JTT 4EVR,Mike Evans,12.900000000000002,12.05294117647059,WR,17,0.8470588235294123
385,JTT 4EVR,J.K. Dobbins,6.882352941176471,7.0211764705882365,RB,17,-0.13882352941176546
386,JTT 4EVR,Lamar Jackson,14.827058823529413,16.764705882352942,QB,17,-1.9376470588235293
387,JTT 4EVR,Dalton Schultz,4.658823529411764,5.944117647058823,TE,17,-1.2852941176470587
388,JTT 4EVR,Marquise Brown,11.38823529411765,9.553529411764703,WR,17,1.8347058823529458
389,JTT 4EVR,Buccaneers D/ST,3.8461538461538463,5.15923076923077,D/ST,13,-1.3130769230769235
390,JTT 4EVR,Dameon Pierce,12.329411764705881,10.036470588235295,RB,17,2.2929411764705865
391,JTT 4EVR,Tyler Boyd,11.574117647058824,7.282941176470588,WR,17,4.291176470588236
392,JTT 4EVR,Jarvis Landry,2.758823529411765,6.551176470588236,WR,17,-3.7923529411764707
393,JTT 4EVR,Tyler Bass,7.9411764705882355,7.748823529411766,K,17,0.19235294117646973
394,JTT 4EVR,Jamaal Williams,14.141176470588235,9.043529411764707,RB,17,5.097647058823528
395,JTT 4EVR,Trevor Lawrence,15.535,16.7375,QB,4,-1.2025000000000006
396,JTT 4EVR,Tyler Higbee,9.241176470588234,10.51705882352941,TE,17,-1.275882352941176
397,JTT 4EVR,Rondale Moore,7.494117647058824,5.960588235294118,WR,17,1.5335294117647065
398,JTT 4EVR,Deon Jackson,8.791666666666664,4.053333333333334,RB,12,4.738333333333331
399,JTT 4EVR,Jets D/ST,3.142857142857143,5.851428571428571,D/ST,7,-2.7085714285714286
400,JTT 4EVR,Andy Dalton,7.06,15.54,QB,1,-8.48
401,JTT 4EVR,Chris Boswell,6.333333333333333,5.343333333333334,K,3,0.9899999999999993
402,JTT 4EVR,Tyler Huntley,5.02,16.35,QB,4,-11.330000000000002
